-- +migrate Up
INSERT INTO `terminal` VALUES ('0104b1a1-0862-3000-9a5e-2d9acefe8861','Apt. 243','1','35'),
('02162aaa-1719-39a3-adef-f2430324f56a','Apt. 639','0','84'),
('06026fed-2c74-3033-93b0-267886e571d9','Suite 657','1','56'),
('062e86f4-d048-3ad8-8770-fa039635ec44','Suite 166','1','32'),
('0a6986de-6ca3-3a31-8bd8-8f0eae022afa','Apt. 744','1','66'),
('0ae20040-6738-3638-be10-004295a6708a','Suite 995','0','92'),
('0b1695cc-5351-3db3-8439-c4f176ca5583','Apt. 588','1','19'),
('0fa5a9a7-7541-35db-b2fa-6f4c1533bee2','Suite 809','0','99'),
('144af4b9-2ec3-3b2c-8f59-1f4eb614118a','Apt. 914','1','100'),
('14b8a973-fdda-3807-b768-074a9e46dd61','Suite 712','1','8'),
('153440ca-6c01-3695-92b3-43b6a1a718a1','Apt. 264','1','1'),
('16eeef61-9d4a-3a29-95ee-b6a317921c71','Apt. 464','1','98'),
('1a58a82c-518d-311a-a9ec-5d3be9e4bd3e','Apt. 977','0','66'),
('1c03a7f3-143c-3222-8976-504d7973474d','Apt. 349','1','26'),
('26574baa-df57-3dfa-ae31-1820eca82191','Suite 891','0','50'),
('27b33aa5-3233-3d4c-a897-0e0609474944','Apt. 602','0','20'),
('27ff7a26-fb61-35c9-b4d8-51096b084b34','Suite 507','0','78'),
('2a957958-4049-3eed-8ba8-9787996f72a4','Suite 507','0','60'),
('2d999cf4-2c05-3b59-9d38-65c9151b6492','Suite 252','0','85'),
('31e01ad0-14de-329a-a03d-93b32d8a403f','Suite 090','1','10'),
('331d7eca-ee48-3d34-b523-b0c76176eaa9','Suite 602','0','42'),
('36df3fd7-907d-37b7-b7ba-4d5a0ab30ed4','Suite 166','0','45'),
('399a9dfb-5f47-3a05-96c2-05ad656da123','Suite 564','0','9'),
('41071a2d-3c79-3e32-8316-702446b5cff8','Suite 290','1','47'),
('43fe597a-409f-3511-8787-3a64ccdeb42a','Apt. 706','0','91'),
('472feb8a-7658-31b3-8fe6-54226a178d91','Apt. 907','1','97'),
('4a394055-69dc-314b-977e-d9630cd907c6','Suite 815','1','96'),
('4b100cab-e8cb-329e-bb51-0ac1898d63eb','Apt. 133','0','59'),
('4c036bfc-6be6-3a39-8808-9b30e6450170','Suite 889','0','90'),
('4d487b26-31cb-3f9a-9566-89614815c2fa','Apt. 342','0','35'),
('4e6d6621-e78d-3357-a1ea-cb15e81ae801','Apt. 879','0','22'),
('5088aab1-395d-38c2-ade4-1d25a2c8d6aa','Apt. 320','0','29'),
('532d7d98-5a6a-3f55-899b-b090d199bee9','Apt. 821','0','80'),
('536a60a9-3620-3789-89b4-6b7b446c4724','Apt. 025','1','32'),
('55ea48aa-4c46-3ba2-adda-b832ece99761','Apt. 526','0','75'),
('56996adc-651f-3f6d-95e3-9e12e65941f4','Suite 069','1','46'),
('580d591d-72bf-3a01-81f3-14c6d5b35982','Suite 779','1','73'),
('5aa4dca0-ed71-3b3c-95e8-a2b360c89394','Apt. 658','1','7'),
('5d7bbb9f-82db-3f91-8a75-9b4b4196c349','Suite 881','0','42'),
('633f9ea5-d2ba-3c94-8d55-b088297e2fca','Suite 385','0','31'),
('656bf41a-258e-3542-ae2d-f4d98b241e32','Apt. 687','0','29'),
('682d4d7b-5219-3fae-b001-8cb3dc72c94c','Suite 655','0','29'),
('68ce1f22-96f4-35f5-9ce7-8458bf8a46ce','Apt. 026','1','6'),
('6b4304e4-9809-3053-9b9c-eabef12891c8','Suite 173','0','88'),
('6d226ecf-2f91-36cb-8ffa-86c8121a4ace','Suite 442','1','21'),
('700969aa-d1cb-3b91-9dab-5ccca228f845','Suite 302','1','12'),
('7110824f-4e2b-3eab-9a95-e428659e417b','Suite 776','0','42'),
('76df1427-27e5-3d42-9281-604e4a15c0da','Suite 712','1','91'),
('79336f1e-646a-38b4-98c3-2864e8d31d5b','Suite 167','1','2'),
('7afcb2f3-619b-3509-a60b-76ffec8bf8c3','Apt. 258','0','34'),
('7e564ee4-701b-3087-a221-20a20d32470d','Apt. 482','1','92'),
('8b9a264f-d372-39ab-a313-46b43475d70c','Suite 986','0','24'),
('8b9f8ad9-efd4-35f9-aa0f-89619ef66b99','Suite 408','0','70'),
('8c38d639-b474-3ebb-945e-784ee56f45f9','Apt. 779','0','39'),
('8dbfa953-62d1-3471-9dfe-80ad3e3a02dd','Suite 310','1','92'),
('8e507d33-5d7b-35c8-8ac1-67d3a6806354','Suite 152','0','42'),
('912447ab-b502-3254-b0ec-098f1ed13a73','Suite 011','0','32'),
('99f2d3b1-68cd-3554-a3e9-788e33319ea3','Suite 777','1','34'),
('a1009a4a-9e7e-320e-b2ed-1286e8832c2b','Suite 654','1','52'),
('a16e8924-0fa2-396d-9201-92607ff5b00d','Suite 618','1','57'),
('a5558eb7-e6b9-3e11-bbcf-8587bc3fcf93','Suite 922','1','33'),
('a5f267b0-ff61-35bc-91db-4fb7bba177a5','Suite 647','0','66'),
('a7e28376-1565-3917-99f2-2e0ece2dd160','Apt. 239','1','80'),
('a892150b-266a-3b7f-bf8d-ddcb57e46d31','Suite 672','1','84'),
('aa3668fc-b472-3fcf-8451-825d5100dd79','Suite 436','0','86'),
('ab8734c5-c2a1-3acd-ab26-09ae84ed5e27','Apt. 734','1','23'),
('ae0efe40-a20c-3cb6-bb85-e0996b3e5c21','Apt. 342','1','3'),
('ae7b3efe-fbab-3e68-8002-944e84a81d7f','Suite 683','1','65'),
('b36b4d8a-4702-3f76-b737-badedc79ab5e','Suite 673','1','23'),
('b6ec1198-6571-31fc-82c7-f4cb43c81e5f','Apt. 925','0','70'),
('b7eba388-3353-313e-855b-785b6298a231','Apt. 464','1','9'),
('b999028b-f5a0-331a-ad54-0fc5f2c8e4ed','Apt. 007','1','22'),
('c251e911-f510-34f9-b114-ba83dfd9eb45','Suite 054','1','26'),
('c37d2511-17c0-375f-a242-49bf60961113','Apt. 536','0','97'),
('c57fa39c-8ab4-37f1-9947-cb5241fdc435','Suite 106','0','34'),
('c603b0da-4840-3d99-9a26-63bd1f1bf954','Apt. 058','0','38'),
('c6577c98-c26a-3c98-9b7c-85825b5503a7','Apt. 086','1','77'),
('c8868a44-fcbf-34c0-a9bf-388505552965','Apt. 557','1','70'),
('c9002697-67a0-36ca-a543-43f4d6f718fe','Suite 718','0','99'),
('cc601761-4ae5-3e58-8fe0-033fa4d90180','Apt. 351','0','24'),
('d05954ad-8557-3f5b-b460-47943fe119c0','Apt. 678','0','42'),
('d30078fb-c0f3-3c62-aac8-3bc3f2faaff5','Apt. 896','0','40'),
('d3e043f5-06b3-3485-a333-41de50c329e2','Suite 380','1','20'),
('da74b634-70ac-3fed-bd81-6afce39a783b','Apt. 602','0','9'),
('df16fe0e-f1cc-3f87-b72a-736a18666f8c','Suite 107','0','94'),
('e0340339-1485-374a-b29f-ce6ed5941013','Apt. 156','0','82'),
('e1054358-36e1-3ccc-b3a8-5b08339ebafc','Suite 255','0','45'),
('e4d6f0f6-7d6c-3fe7-80a6-8b83ca763b61','Suite 562','0','52'),
('e4f499d3-cd70-3160-8434-c7cd7645eb46','Suite 491','0','13'),
('e97b086c-b142-3699-871e-8d48c17d6770','Suite 210','0','57'),
('e9f0cd3c-e284-3abe-9d53-e1158528905a','Suite 290','0','26'),
('eacb7471-e87d-3fb7-9d55-00ddce7e425a','Suite 202','1','66'),
('eade76a6-6999-3c1c-b2bf-290596d3c4d1','Apt. 245','0','34'),
('edcd01bc-45f9-34ea-9c32-550945deb90f','Suite 953','1','97'),
('ee9ad137-e0b4-3c00-8293-f32f3bf63ebf','Suite 097','0','85'),
('eeafde50-1820-3f91-92c9-832ec8b11280','Suite 198','0','99'),
('f04b5587-d1a2-3c0f-867d-10dd630ce8ea','Apt. 211','1','82'),
('f0e5bda8-8af9-37cb-ac92-ca4616465d2c','Suite 713','0','7'),
('f2034565-cca5-3467-8b7f-f164992a5c47','Suite 061','0','60'),
('f9c87abb-ddfd-378d-b3ad-b8eca22ba326','Suite 977','0','21'); 

INSERT INTO `clientcredential` (`clientid`, `clientsecret`) VALUES ('01d23d2208cc001ceee0b53bf2a8a306476d7f78', '59fe3666586748f79243e5d176c9ea702ee9397d70de87ffeb764c0f7bb9ba2d');
INSERT INTO `clientcredential` (`clientid`, `clientsecret`) VALUES ('06d23c0af867cda9488ff3a977c960e12b895eb0', '7729fafaf78ffb43bd76bbfbe29961342534c778bb3f5ab755b4dce42f668e8f');
INSERT INTO `clientcredential` (`clientid`, `clientsecret`) VALUES ('07c79abe74fe3f9b63f9eaf08cad2a31f4003307', '276c802ebaa2104677367028429d99908b0677a0a3ca953320e28f70777ab29b');
INSERT INTO `clientcredential` (`clientid`, `clientsecret`) VALUES ('0fc53efd33e0f47a8b5db5502274ba982016cf71', '6657f55995304233ef40ff813aff5dddab1e40564aef665cf701eecea5c0a2e2');
INSERT INTO `clientcredential` (`clientid`, `clientsecret`) VALUES ('132778b7ca992592ffe4efd7203944311af4de55', '8f1624c38ca12dd1874e8d31d3fa1b2f2d466736c475b00471f6d79c04aef44f');
INSERT INTO `clientcredential` (`clientid`, `clientsecret`) VALUES ('13b6b7ab00fb3ad22eca14d7cac54e15d49b2077', '320833058e732e4a22a59fe8adbef081da280a1ae534882a9dc6b15b813b8aad');
INSERT INTO `clientcredential` (`clientid`, `clientsecret`) VALUES ('1b537f610cf6d3074eea1a9e5dfa65eb4e54c883', '3c953d55c24124198745b07166659a94a562ff8c4b13db87806b48a4fcc6d846');
INSERT INTO `clientcredential` (`clientid`, `clientsecret`) VALUES ('1e7ded8d8f3116647a685a4013783ba74bdee0ad', '0df0f2362f9e4adb6b09e5e7c1ad77ce44911e60883a85714f49853d2577e047');
INSERT INTO `clientcredential` (`clientid`, `clientsecret`) VALUES ('236da9ebdaf4cd44799e7a685b9db68ffa0c1c3c', '7da0993c485cc76e25b4520a38fa021f6c3304ff1357c60812f824ff53a4b0af');
INSERT INTO `clientcredential` (`clientid`, `clientsecret`) VALUES ('25dcc7241d83779717766d32b04d7a806cbcc110', '8eb4a640cbb3c60e81a13741e1aa58dd45a7790dc0387d3880daefec25d97502');
INSERT INTO `clientcredential` (`clientid`, `clientsecret`) VALUES ('280dbe82af5853256991504ce5ee251c389f195e', 'cdfe7848e962ef736344770c6fb482c746bce10653f7a4f4df381fbf3d2c2fc3');
INSERT INTO `clientcredential` (`clientid`, `clientsecret`) VALUES ('2cb496fbbfb5ab1fab34860da25ad4919e1c0330', '3fa214e209e50733a7fa07774014db427ccfc625722e84d520f0010206f361b7');
INSERT INTO `clientcredential` (`clientid`, `clientsecret`) VALUES ('2cd20c3223033f46b5dcd7f1ac8c077a1a9cabc2', '4305a10ada6ee4533d2fa72b2f14350ae092529bf6f76099620cf3a1f443b444');
INSERT INTO `clientcredential` (`clientid`, `clientsecret`) VALUES ('2d7c0a78c5aaa82295f29f73c2ee3c3b1ebe5bc6', 'dfb4b7eb407b9a28f352ead691ee70fb61f93f37719248fbc56324eb32d8cf38');
INSERT INTO `clientcredential` (`clientid`, `clientsecret`) VALUES ('3d81a6b6766874a407563a9ea5a9099dc0a87e74', 'bd4d4fa6a798a86a797cc4b1beae22913fdab65c2c773973a4ec4466d7a1619a');
INSERT INTO `clientcredential` (`clientid`, `clientsecret`) VALUES ('3e04d9fc7ba135d9c6f10fb3e6a4d42dbed6332e', '882e2ebea646f184cf42a345af29de85606b5f1114f7b8c459ea7c5beac3a417');
INSERT INTO `clientcredential` (`clientid`, `clientsecret`) VALUES ('48d7fadd4f9e28b7167e7afe3799906d7edfd1a5', 'a64bda73a0b8cb0a1fff89b888577285c7439a591b477898a7c607e533cb41aa');
INSERT INTO `clientcredential` (`clientid`, `clientsecret`) VALUES ('48df47ba3651358387d2e2416bd248e254d5045c', '557723f820119a93a53a12e84c733d9168fde03e8e97716268128ea37f75b8e6');
INSERT INTO `clientcredential` (`clientid`, `clientsecret`) VALUES ('4b02a6e678d6fd0fab827606812eabefd6dba002', 'bd8afc4a28a6c4fcd371f790eac1396ab5a134253ccef4338b663f0967191ad5');
INSERT INTO `clientcredential` (`clientid`, `clientsecret`) VALUES ('4ffc64e596989affed4beb2be88448309eaf241b', 'b2b7f3b362a5eb2e0e3b700606d6009fbe68a74ff8621d3dee027179a64e7b4d');
INSERT INTO `clientcredential` (`clientid`, `clientsecret`) VALUES ('53419c5b0f3d611c0cba6da7f69f6dce0939a8b4', 'a31feb1e686f1879053f99722c4e91ec3b7c8c6834ab7043d4c5da76729343eb');
INSERT INTO `clientcredential` (`clientid`, `clientsecret`) VALUES ('56fd65d77bbb0b00160cc2b8fd2ae71efa44494c', '229e7efdef8753542888b288a59d8f29517acc8f407acaf0deda60fdd0782d3d');
INSERT INTO `clientcredential` (`clientid`, `clientsecret`) VALUES ('576f1dce55a6e9a342feb6b62a9e97d7c3253dc5', 'c344496b3cbc24e0faac2c998480ca8c77ee5b713b44962efa7ef85e768e6b7f');
INSERT INTO `clientcredential` (`clientid`, `clientsecret`) VALUES ('591d603dbcee3efa6ee50b1d043a9ef77196a2ae', 'e7eee32f961d44af6ba67538368de3fd1d6ac0ef6e763e1c12653055f626ac57');
INSERT INTO `clientcredential` (`clientid`, `clientsecret`) VALUES ('597a7a00569981a3485b47123c690f68fe062624', '16def513e6dddc8e266004871efe3b7bca9ba79a1618733890ab5f2095c5adc4');
INSERT INTO `clientcredential` (`clientid`, `clientsecret`) VALUES ('5b6f2b84ab9abd011fb3fe1aa2181f68c6332f4e', '7e6c64be55978f5b122489ad3ef79ba03672134dfb1bc605016319e47d0efdf3');
INSERT INTO `clientcredential` (`clientid`, `clientsecret`) VALUES ('5edef41fd897ef0881918213de814acdb1959098', 'e88e32d8f6c1c519b6252405b377fae376370383acfae1986ae8056fbab56926');
INSERT INTO `clientcredential` (`clientid`, `clientsecret`) VALUES ('5f5c9933f085dabbc4609ccf0f71eebff778028f', 'c7ee4874b25a15c9ac959e7c2e86722f704bf0a467c04d805ab7dd58d8382ccc');
INSERT INTO `clientcredential` (`clientid`, `clientsecret`) VALUES ('62ae3a8dbdc68634ce3f4276d1601774ca349666', '8c3ba9cd1f3390ee70cd24e743e79666eab285994420f95964222007f3724f27');
INSERT INTO `clientcredential` (`clientid`, `clientsecret`) VALUES ('62c64e3bc9a1bd422eaf1de8baf71e0ea915bb67', 'ce370af61e43cfbec729db069fee44add7406dff220020f8e366e7c4146e5836');
INSERT INTO `clientcredential` (`clientid`, `clientsecret`) VALUES ('63f339924d4cb442a238c2e4482577263ad236c2', '05f0ee2711eb73940d0245c3bcad765b56da0dc8bcafd6220b05740f01520334');
INSERT INTO `clientcredential` (`clientid`, `clientsecret`) VALUES ('64f82ab1fea6a904a6d4087fde0142dbcc6471a9', '4f254d1401de93508587410bd09c2e9e401bd55838335e98e4ba93482138d5bd');
INSERT INTO `clientcredential` (`clientid`, `clientsecret`) VALUES ('69f758701bc077ff8d579983885c10f26f007996', '9938451e71d9445d48bbc369c8dc93cb5e8b74c4f2b77eeaad531077fb4eb419');
INSERT INTO `clientcredential` (`clientid`, `clientsecret`) VALUES ('6c9e16b6cfc9f3c9af452235c7decf7fcfb4ffe1', '7b1629f3493b53d47776515feea3621688f2f8fe4845c043050e93a9406d50ec');
INSERT INTO `clientcredential` (`clientid`, `clientsecret`) VALUES ('6d7800576b1878e247db0fd53c023fb034265720', '8be332af3ceea8b7ff7551ea7e5f166d3476d5c9da94d4b9f640f3f25026c8d7');
INSERT INTO `clientcredential` (`clientid`, `clientsecret`) VALUES ('6dc0ed199756211d09caec23e798e2e058c678f1', '2172fd9006daff87d2b2e027aad58a726a1b5563357eac447f3023d4232ae445');
INSERT INTO `clientcredential` (`clientid`, `clientsecret`) VALUES ('7317317aa61ba2f03f4bd113cd3fa7f9c080e1af', 'f13e937405a93621fa2c12c62bc1b1483e253f4ca061283b10620caa7f5ab73a');
INSERT INTO `clientcredential` (`clientid`, `clientsecret`) VALUES ('737d8488fa000918aeb46d9d03e367267fa23cb8', '0fee68dcadf4a75a732bf83fff5a1d806440b61b6c8022376f0e460765121701');
INSERT INTO `clientcredential` (`clientid`, `clientsecret`) VALUES ('751be3dc1f199c185613ae193292e7082b825816', '860f92724771efaa7c77b6e07aa8042b11c3ae5340e52f7b0cdb4ee65c953dc9');
INSERT INTO `clientcredential` (`clientid`, `clientsecret`) VALUES ('78f4070a8d7a037292b4523ad5fc84dfe747f8c3', 'd4e4497fed76f6a740cd583c726ceb504bf9954a3965a4a6be36ee8805dffcfa');
INSERT INTO `clientcredential` (`clientid`, `clientsecret`) VALUES ('7a57904679adfc7f3935de8b8b06256903619995', '7ac14cae9ddc7dccf04e244e022331100235a7e606b72f61a857e49b80a29ad6');
INSERT INTO `clientcredential` (`clientid`, `clientsecret`) VALUES ('7a5ee8882882a78e80ce079febea2ba503eb998d', '43963b09be68090301194a4c4a6a8008ee1bc4c0ff6e7d9e1fd6e6b08354067d');
INSERT INTO `clientcredential` (`clientid`, `clientsecret`) VALUES ('7ca73442cd577e7e9bf011bfe80b0ff55e8553c3', '2f666024e82f8a7d4abc355e15ebda1f801f8d3c8f01de7a46f37f4568850296');
INSERT INTO `clientcredential` (`clientid`, `clientsecret`) VALUES ('7d76635ccc9f4eaf3388700e68aee9cd1c3fd5db', '63bcbc624b9d91f3a0576d884bdfdf0f25e2f5c56f39f92f87560d0af3782aa6');
INSERT INTO `clientcredential` (`clientid`, `clientsecret`) VALUES ('7edbdb67c7b1265a49c363848fa90a80ac31dd85', '3be152f590c1ff581e4f051bfe99348b4c8cb62e68b518487da86d5b83f55d13');
INSERT INTO `clientcredential` (`clientid`, `clientsecret`) VALUES ('7fd0e5579a0f631abda2456c5e29123a708c7f3b', 'ea255c8db9acba7d9db386ab07b516fef3a21c05543df266441bd53b73f7bafb');
INSERT INTO `clientcredential` (`clientid`, `clientsecret`) VALUES ('82e08f02430db848ea574fac94456ffed4ab0943', '0f5c3082bfc03360ca378398e0e30b9c3f49524e6de1d2d162819a1b4bd68792');
INSERT INTO `clientcredential` (`clientid`, `clientsecret`) VALUES ('83d57c4ddfc59dedefc79e3880a8d3511c9bd7f2', 'e82023076e821ca02e6d05af470d7abb418989c5d276317e2338a9f6d4927b25');
INSERT INTO `clientcredential` (`clientid`, `clientsecret`) VALUES ('8528a62612d72f17dd94aa7df5bfc71a41cb6ebc', '5ed9c6e38869f4b6ccb43e43a80eae5f38a82e04e1835630bac4e929fafb74a4');
INSERT INTO `clientcredential` (`clientid`, `clientsecret`) VALUES ('86432c8203c43831a77558ca1bbdfa8b16b3e712', '2be86c6874beb8fa33c1072f8f14ecc7651fa6b979ded2e7cdeca1cd79f88cf1');
INSERT INTO `clientcredential` (`clientid`, `clientsecret`) VALUES ('88cf2805583a4f7d4981910fb4ee6434e8962920', 'e8c0afe387427f4cbecab8e0f4e6c2cae4bda06109ac1751c4bb4f1ea177a944');
INSERT INTO `clientcredential` (`clientid`, `clientsecret`) VALUES ('8ba6229126c23d70589d677a7b7fa9ca5598f5cf', '6d6884961e1abc324d5ee0d501c7a2481fe0da3884b8164ba92e6a974c93b68d');
INSERT INTO `clientcredential` (`clientid`, `clientsecret`) VALUES ('929879787846404169b5b4102a9186cfaf5439b0', 'c86f3eac7df146d04eab9e7d73f8b7d1582f39b614573f354d4bd059df976a0e');
INSERT INTO `clientcredential` (`clientid`, `clientsecret`) VALUES ('96e07eaf34d747009dc30fe5e0e0aec82b8d8607', '936ec572cf632230c31238dfbefa8771d01b8f1fb550724a04933308d4ce14df');
INSERT INTO `clientcredential` (`clientid`, `clientsecret`) VALUES ('9bc06193e73d1c05ad759e854570137526aa5f72', '371e40105fe7e57e72af1a017adeb9122a25813fe08c810fc52c4fecd82ade17');
INSERT INTO `clientcredential` (`clientid`, `clientsecret`) VALUES ('9bd07300d112756382ebc95d6644c0b57b195d60', '90188ec213ede3ebd3f013845f26ce31ae22190ce0e9598eeeffdffb70b57f32');
INSERT INTO `clientcredential` (`clientid`, `clientsecret`) VALUES ('a15ccae072183b35c54396449625594b6048dc54', '466fc9812ada46b43e756efea3e273b36e1928057421e8e4772bec606f55182f');
INSERT INTO `clientcredential` (`clientid`, `clientsecret`) VALUES ('a20f457a178b780a15e8a93557aa54625beb059a', 'ee6ba455e50cc5a31b5c5f43da7735b3f10f0f1647cbf49d67de31e61df29ad9');
INSERT INTO `clientcredential` (`clientid`, `clientsecret`) VALUES ('a2a617a2692abfab4ec6bfe7c70fc4ad5109d9c6', '7019b57b13053c67cac2c0566782d68744c68cec5a6ce119a1daa339d813333e');
INSERT INTO `clientcredential` (`clientid`, `clientsecret`) VALUES ('a4757451d5790840898aa58841ec901a7e1a5cee', '308cb97681c10a6c396fc23afedda41e785c3bd07ba9964b05700756d927da5c');
INSERT INTO `clientcredential` (`clientid`, `clientsecret`) VALUES ('a6049cb32eb574e61780b2987a6bf91bb9860461', 'ef0bef006c5e36bd83a8c49619fca174a81a62a2475afc5b58bdf0b079428827');
INSERT INTO `clientcredential` (`clientid`, `clientsecret`) VALUES ('a92dd84bae82bc6ad0fa71084e41845ddb0e7ef1', '7cc1362500ac20150a2590d7cb27d68ac513458e515489eeddc2f4a2a9a38a69');
INSERT INTO `clientcredential` (`clientid`, `clientsecret`) VALUES ('ab81257dcb4451fc05092b2691968075083d149a', '29336471ab34d81026051e69f7a2269f3bb3da38597965532517fb8f07dd6ea6');
INSERT INTO `clientcredential` (`clientid`, `clientsecret`) VALUES ('ac6813e6560e9000b7e806fc7c269d1557b3f679', '9f91fbe8e8857d11641cfcc3af01e1483fa5227e02545b35a5416ed2bbd15cda');
INSERT INTO `clientcredential` (`clientid`, `clientsecret`) VALUES ('aed3f654a5df01f51b38cf7da320afe58b5fbbd1', 'ee8937625542e1774818f7de5d6b6d96d1059eee14e8e206446d0aba616cae96');
INSERT INTO `clientcredential` (`clientid`, `clientsecret`) VALUES ('b387fc3d9288673bf303b9ac1d2669120fb31531', '25c425e7ef5501972e26c6a13c1ffbb0346f7e870f0d3c01097f70ab2db87428');
INSERT INTO `clientcredential` (`clientid`, `clientsecret`) VALUES ('b5c8bf6c6c1ee0c8ee819326cdb35bfcbf5262fd', '4a0b5fbf2df72f2db751df6532e5bdfa51a86ee0ab00ea5201fe8668d4b6fdd2');
INSERT INTO `clientcredential` (`clientid`, `clientsecret`) VALUES ('b93f13a9c50310a08e4c5437b64674768468b14b', '36f09b8fe37a3123a5a596ef89b00312905fc7991ac377fb30a01daf8dc4a47c');
INSERT INTO `clientcredential` (`clientid`, `clientsecret`) VALUES ('b9d4d5a84097e8c4d5fb30470088607132cccf9e', 'a3919b949b0a24ce36305d5c5a7275191e8e69996f7d7fd16ab49a0729eb95c4');
INSERT INTO `clientcredential` (`clientid`, `clientsecret`) VALUES ('bb8a29d6656a45f9d97ca801d2057812ab385b73', '61fa6213d16303de418395113ceb62c437607f194d7fb59595a96da5d6faf89f');
INSERT INTO `clientcredential` (`clientid`, `clientsecret`) VALUES ('bf693b83f7a5b73191871e79dd59a808985e20da', '4fe9c44d9807740ab1677cfcc1042fa10b206fb83540e27cec6dfe44920a4b6f');
INSERT INTO `clientcredential` (`clientid`, `clientsecret`) VALUES ('c0d51953d936ca4dfbc19b3d30fd6b16fc55e86d', '98019386f0f8137a4067151d8e71348e96350fd422f3a3d453ba7a2de6ce593d');
INSERT INTO `clientcredential` (`clientid`, `clientsecret`) VALUES ('c21a53154b3f518f99fc917393dfeeff8bcfdd27', '3662278d96c17d31b0ea01fa30e5c03102a9dc0a46eec8094f19fea11721f351');
INSERT INTO `clientcredential` (`clientid`, `clientsecret`) VALUES ('c53089669cc95ce4aed217ecaad8254078488f90', 'a560de69734c21286af7853f614f7a72e6d28a74b8b5ef2bfcfdd7bd76791711');
INSERT INTO `clientcredential` (`clientid`, `clientsecret`) VALUES ('c5b090fe6512204a9ae9c7dde42f8b28cce468e8', '196aa803858746c398fa2b9e44f12e78d2657fa3bc49718c666cefef593bf4a0');
INSERT INTO `clientcredential` (`clientid`, `clientsecret`) VALUES ('c8089932c0055fc5bcbb32d33820ecedb4da274b', '4866073aade1fa7331bea4ba9020d4eeff3165a3d191e0c3e9d6c640ac7cc2ce');
INSERT INTO `clientcredential` (`clientid`, `clientsecret`) VALUES ('cafaf4ee1318a9ce9f1594259020d2c0ec4cbfe1', '3f05e5c9898b028f0e5a00d55fcd00ce54962f3677902e67b7875badbd83759b');
INSERT INTO `clientcredential` (`clientid`, `clientsecret`) VALUES ('cfd232cba3bb72b3f3eddaec9154b91685ae4119', 'e9de71396a53e442ff1c3dd8708b3fe0a4950003b642aba88686a2fec0692afe');
INSERT INTO `clientcredential` (`clientid`, `clientsecret`) VALUES ('d420bb3a78f4023c8bbaefe1f2908071f907655f', 'faac86355c6cc3007daef47fcb1acbad7e438f150d5fe31ab476ad9beb85b5e1');
INSERT INTO `clientcredential` (`clientid`, `clientsecret`) VALUES ('d496af180d0772251b5175c17fbf6b646e348035', 'b4128e6cca8b341bffe177a99b0c5ff4acabc7921fcfb2996d216e80a5e109e5');
INSERT INTO `clientcredential` (`clientid`, `clientsecret`) VALUES ('d6aa8b60e1915aec1bcd7671f8e28e2091310160', 'a8f248e4cfd02e029b3e312e03e739a6e1345e9065c7148782d6b3ed9040b630');
INSERT INTO `clientcredential` (`clientid`, `clientsecret`) VALUES ('d733a6fabf57e263f8dcf826271f27cefb0513ee', '5117ccdbc33515c505b176c51a06fb1a0f583b47799035cb420ca4384a1b9977');
INSERT INTO `clientcredential` (`clientid`, `clientsecret`) VALUES ('d984aa3f7a631dfc73314a2e421eb73fddd09d07', '9e2196ff2c96cae2fc3f395286c5ce2f95ed13350c2c05fb3ce55f5b5b018d81');
INSERT INTO `clientcredential` (`clientid`, `clientsecret`) VALUES ('dada5080eb2419c593a7aa8fe3fc5e050bacf771', 'd088511aa61eb3960924a02c0198dd0894164293fae7eb51813c1876ab68027a');
INSERT INTO `clientcredential` (`clientid`, `clientsecret`) VALUES ('dc23fe91af81d4ffde6867f53a7d4e36442423c2', '504aadce455b2ca27f9b29b2584194009daac94b83a2865999fb05e06fbfb402');
INSERT INTO `clientcredential` (`clientid`, `clientsecret`) VALUES ('dcf3a8561005fbdb33c966f98fa53fe4ff85035d', 'b6cda9059702205d951437fb3463484e2ffde161c7accde44c0948e0e39000a8');
INSERT INTO `clientcredential` (`clientid`, `clientsecret`) VALUES ('de7c1d4a347638ee146a54d11bcf636a573ea6cf', 'b981d3981a8b8d68c3028a21d8fbae76b22957b9f0af8eaf3cb369effd4f4f54');
INSERT INTO `clientcredential` (`clientid`, `clientsecret`) VALUES ('df021da3cb14e0e995d503d84bbcd8beba130a79', '5d6ab138bbad704ff5f65019d18ac7b2c772529d310eaa9eb76a501def4a8e67');
INSERT INTO `clientcredential` (`clientid`, `clientsecret`) VALUES ('e792b78f17852132b8524e4992c67dc5ac76c24b', '2340d5252f391f78c871fa491c9a836bc37dce40b8f4b6ff53ba6e61e5d8ba48');
INSERT INTO `clientcredential` (`clientid`, `clientsecret`) VALUES ('e8b92660ca8bd4ea18f73c6e73e378c94e8bf78e', '22257ef86f9370d049c3e8fd67a53eb46779b7caf2a866a483beb96a1d7f7ab1');
INSERT INTO `clientcredential` (`clientid`, `clientsecret`) VALUES ('e90ed2da547c0e39a00a31489a2033e3006f9626', '019394056a92bd9c3f506c6276f3a89ab4d3e862343f647a5e41ded56258008d');
INSERT INTO `clientcredential` (`clientid`, `clientsecret`) VALUES ('ea9a0f0577bdd0c036353bf1a1abb6c58ddcbb9e', '7ba49ea2201c6e0f0d07303a2283dfd5e05871b112c6eec3d14c7e528f7495c4');
INSERT INTO `clientcredential` (`clientid`, `clientsecret`) VALUES ('ec5d57763476f6a5d90aa2ecbf5702355d6c2f99', '8489f49a9f7d98e0c5e69547e4a9a7d322aa5bd4c664dbd2aa157edb3e9efb12');
INSERT INTO `clientcredential` (`clientid`, `clientsecret`) VALUES ('ed92fd2f12c3bd6c378f6da787f29562d691fcee', 'aaf5268c5e8ed45b5ed3cce78588e0d3d711e830d21a59df01eb30be2f471547');
INSERT INTO `clientcredential` (`clientid`, `clientsecret`) VALUES ('f34e3ac989f4aa1d960004b5dffec9e938b1c2e3', '816e6248f91728a4fc80491eb86f9a76b3afb36d51008883848023ca41da5892');
INSERT INTO `clientcredential` (`clientid`, `clientsecret`) VALUES ('f479b72f246693a838fb34344236205fa7a959cd', '91cf60bf596550503bd6d0314b225efb5de39941953445a4326f0b005c7809fa');
INSERT INTO `clientcredential` (`clientid`, `clientsecret`) VALUES ('f8a08bb2ca9d657cc3159718e597b420dc07fedc', 'a710c0d390290022010d87486581338f6cc08f19961c1e9ac63b0240a18580f0');
INSERT INTO `clientcredential` (`clientid`, `clientsecret`) VALUES ('fa63c66aac6dfc1a36df6a25d80af19f24a74fa1', '3fd9c7d721cb2132f24fd6d4b428005a30c6ecad787d067b31b2061b38232c59');
INSERT INTO `clientcredential` (`clientid`, `clientsecret`) VALUES ('fe59143b8978053c800256f9cbc3f8e59ad38521', '4c787f13c7ea60cc3d5d1e4fe9d24c28c841010eacf9d9ed672454d30282dceb');
INSERT INTO `clientcredential` (`clientid`, `clientsecret`) VALUES ('ff802a74be4569d85a1c8fc52f76993339111829', '7a87eb27e7a3b885c5d940839e129f13790ef83b882aa9b6764b767151452668');

INSERT INTO `credentialusage` (`clientcredential_clientid`, `terminal_terminalid`, `date`) VALUES ('01d23d2208cc001ceee0b53bf2a8a306476d7f78', 'c79221ce-4a7c-384d-b281-af683ec13bb4', '2012-01-18 17:46:06');
INSERT INTO `credentialusage` (`clientcredential_clientid`, `terminal_terminalid`, `date`) VALUES ('0fc53efd33e0f47a8b5db5502274ba982016cf71', 'fea79cdf-b236-3e65-b24d-ca6c83c0ada0', '2008-07-05 16:45:12');
INSERT INTO `credentialusage` (`clientcredential_clientid`, `terminal_terminalid`, `date`) VALUES ('1b537f610cf6d3074eea1a9e5dfa65eb4e54c883', 'c5c8a0df-d7a1-30d2-bbe4-99787bb6dd42', '1992-12-31 08:01:25');
INSERT INTO `credentialusage` (`clientcredential_clientid`, `terminal_terminalid`, `date`) VALUES ('1e7ded8d8f3116647a685a4013783ba74bdee0ad', '2029dd9d-d410-315b-9478-fb92d5f0368d', '2011-05-27 02:50:35');
INSERT INTO `credentialusage` (`clientcredential_clientid`, `terminal_terminalid`, `date`) VALUES ('236da9ebdaf4cd44799e7a685b9db68ffa0c1c3c', '065abd9f-fe5f-3842-a09b-696119761c7f', '1974-08-20 21:09:12');
INSERT INTO `credentialusage` (`clientcredential_clientid`, `terminal_terminalid`, `date`) VALUES ('280dbe82af5853256991504ce5ee251c389f195e', 'fea79cdf-b236-3e65-b24d-ca6c83c0ada0', '1973-12-09 20:02:17');
INSERT INTO `credentialusage` (`clientcredential_clientid`, `terminal_terminalid`, `date`) VALUES ('3d81a6b6766874a407563a9ea5a9099dc0a87e74', 'aeb0b760-c05b-33bc-950f-cbd4014e5ea1', '1976-07-08 02:41:49');
INSERT INTO `credentialusage` (`clientcredential_clientid`, `terminal_terminalid`, `date`) VALUES ('3d81a6b6766874a407563a9ea5a9099dc0a87e74', 'b447d8e9-4686-317f-86b7-8cab01cd9b1c', '1979-05-19 05:00:46');
INSERT INTO `credentialusage` (`clientcredential_clientid`, `terminal_terminalid`, `date`) VALUES ('48d7fadd4f9e28b7167e7afe3799906d7edfd1a5', '17613f10-84ba-3afa-8420-2b12cad91388', '1985-05-08 22:41:03');
INSERT INTO `credentialusage` (`clientcredential_clientid`, `terminal_terminalid`, `date`) VALUES ('4b02a6e678d6fd0fab827606812eabefd6dba002', '2aaf914b-96db-3b41-9a84-060c3fa05a35', '1982-02-05 16:55:51');
INSERT INTO `credentialusage` (`clientcredential_clientid`, `terminal_terminalid`, `date`) VALUES ('4b02a6e678d6fd0fab827606812eabefd6dba002', 'b29d69e5-266b-3785-aabc-19e0262e3bef', '1996-10-11 20:19:31');
INSERT INTO `credentialusage` (`clientcredential_clientid`, `terminal_terminalid`, `date`) VALUES ('4ffc64e596989affed4beb2be88448309eaf241b', 'fea79cdf-b236-3e65-b24d-ca6c83c0ada0', '1993-11-17 08:08:43');
INSERT INTO `credentialusage` (`clientcredential_clientid`, `terminal_terminalid`, `date`) VALUES ('53419c5b0f3d611c0cba6da7f69f6dce0939a8b4', 'f249d694-be1c-3cc7-b64d-26804fc26de4', '2002-04-28 13:58:52');
INSERT INTO `credentialusage` (`clientcredential_clientid`, `terminal_terminalid`, `date`) VALUES ('591d603dbcee3efa6ee50b1d043a9ef77196a2ae', '3239f698-baa0-3a8b-af6e-36b9eb2332b7', '1976-02-19 12:39:04');
INSERT INTO `credentialusage` (`clientcredential_clientid`, `terminal_terminalid`, `date`) VALUES ('5b6f2b84ab9abd011fb3fe1aa2181f68c6332f4e', '1455aa05-092c-3c42-a22a-3959b1f1c4f7', '1995-03-19 15:54:14');
INSERT INTO `credentialusage` (`clientcredential_clientid`, `terminal_terminalid`, `date`) VALUES ('5edef41fd897ef0881918213de814acdb1959098', '5ee7bd8d-21ad-39f2-aa35-af77efcb42c2', '2013-12-07 02:18:55');
INSERT INTO `credentialusage` (`clientcredential_clientid`, `terminal_terminalid`, `date`) VALUES ('5edef41fd897ef0881918213de814acdb1959098', '6e41c7ef-ac36-304c-a5e4-716851b726e1', '1980-12-04 18:57:30');
INSERT INTO `credentialusage` (`clientcredential_clientid`, `terminal_terminalid`, `date`) VALUES ('5f5c9933f085dabbc4609ccf0f71eebff778028f', '169fd48a-c60b-3a5b-8d50-123f7d155dc7', '1983-07-03 06:27:35');
INSERT INTO `credentialusage` (`clientcredential_clientid`, `terminal_terminalid`, `date`) VALUES ('5f5c9933f085dabbc4609ccf0f71eebff778028f', '2892975e-c288-33ab-9388-702f23a0782b', '1997-12-06 07:31:30');
INSERT INTO `credentialusage` (`clientcredential_clientid`, `terminal_terminalid`, `date`) VALUES ('5f5c9933f085dabbc4609ccf0f71eebff778028f', '8a83e7e4-5111-3308-ae18-93e9df5521a4', '1977-07-02 15:12:14');
INSERT INTO `credentialusage` (`clientcredential_clientid`, `terminal_terminalid`, `date`) VALUES ('62c64e3bc9a1bd422eaf1de8baf71e0ea915bb67', '5a1cdfe1-4c71-3256-9892-d83c5e1860e1', '1972-08-21 10:27:11');
INSERT INTO `credentialusage` (`clientcredential_clientid`, `terminal_terminalid`, `date`) VALUES ('62c64e3bc9a1bd422eaf1de8baf71e0ea915bb67', '5ee7bd8d-21ad-39f2-aa35-af77efcb42c2', '1986-03-05 15:27:31');
INSERT INTO `credentialusage` (`clientcredential_clientid`, `terminal_terminalid`, `date`) VALUES ('62c64e3bc9a1bd422eaf1de8baf71e0ea915bb67', '7405c4c0-6c21-330f-a7e8-13243d5deb75', '2018-02-26 09:27:49');
INSERT INTO `credentialusage` (`clientcredential_clientid`, `terminal_terminalid`, `date`) VALUES ('62c64e3bc9a1bd422eaf1de8baf71e0ea915bb67', 'eb06930c-b879-3057-9c33-b2ab4a8c23e3', '1976-05-14 14:43:10');
INSERT INTO `credentialusage` (`clientcredential_clientid`, `terminal_terminalid`, `date`) VALUES ('63f339924d4cb442a238c2e4482577263ad236c2', '671fe455-a831-3e7b-bb66-f0868cc9ed5f', '2009-12-10 14:30:19');
INSERT INTO `credentialusage` (`clientcredential_clientid`, `terminal_terminalid`, `date`) VALUES ('63f339924d4cb442a238c2e4482577263ad236c2', 'df59046b-1bf4-366f-a9f5-e30a3bf35711', '1999-01-08 11:40:42');
INSERT INTO `credentialusage` (`clientcredential_clientid`, `terminal_terminalid`, `date`) VALUES ('64f82ab1fea6a904a6d4087fde0142dbcc6471a9', '675e77c0-1790-3561-aa7a-44d7e8385457', '2015-06-27 23:01:30');
INSERT INTO `credentialusage` (`clientcredential_clientid`, `terminal_terminalid`, `date`) VALUES ('64f82ab1fea6a904a6d4087fde0142dbcc6471a9', '914b7b67-9846-38a0-8c8f-56544291fa58', '1987-10-24 22:20:52');
INSERT INTO `credentialusage` (`clientcredential_clientid`, `terminal_terminalid`, `date`) VALUES ('64f82ab1fea6a904a6d4087fde0142dbcc6471a9', 'e6698fb5-e133-3241-bef7-73687960d2a4', '1998-10-28 14:58:28');
INSERT INTO `credentialusage` (`clientcredential_clientid`, `terminal_terminalid`, `date`) VALUES ('6c9e16b6cfc9f3c9af452235c7decf7fcfb4ffe1', '67e996b4-eb51-362f-b65a-1fe73a8311b1', '1978-12-31 23:37:14');
INSERT INTO `credentialusage` (`clientcredential_clientid`, `terminal_terminalid`, `date`) VALUES ('6c9e16b6cfc9f3c9af452235c7decf7fcfb4ffe1', 'a5c8d7a3-9c6c-300e-bd22-5d92671849c1', '2004-03-27 22:21:50');
INSERT INTO `credentialusage` (`clientcredential_clientid`, `terminal_terminalid`, `date`) VALUES ('751be3dc1f199c185613ae193292e7082b825816', '20fbb133-0c97-33dc-8b91-9687a0f59174', '1975-03-27 10:52:44');
INSERT INTO `credentialusage` (`clientcredential_clientid`, `terminal_terminalid`, `date`) VALUES ('751be3dc1f199c185613ae193292e7082b825816', '2ed4383b-d2a7-362d-b4c5-3ba921508e8e', '1998-10-30 11:32:01');
INSERT INTO `credentialusage` (`clientcredential_clientid`, `terminal_terminalid`, `date`) VALUES ('78f4070a8d7a037292b4523ad5fc84dfe747f8c3', '853ed344-c2db-3adb-b5cc-db3ee8acf94b', '2013-03-10 23:42:39');
INSERT INTO `credentialusage` (`clientcredential_clientid`, `terminal_terminalid`, `date`) VALUES ('7a57904679adfc7f3935de8b8b06256903619995', '20fbb133-0c97-33dc-8b91-9687a0f59174', '2011-08-17 06:51:38');
INSERT INTO `credentialusage` (`clientcredential_clientid`, `terminal_terminalid`, `date`) VALUES ('7ca73442cd577e7e9bf011bfe80b0ff55e8553c3', '2d8eed88-a3c1-3d49-8589-7d7712ccb936', '2004-08-15 12:39:20');
INSERT INTO `credentialusage` (`clientcredential_clientid`, `terminal_terminalid`, `date`) VALUES ('7d76635ccc9f4eaf3388700e68aee9cd1c3fd5db', '671fe455-a831-3e7b-bb66-f0868cc9ed5f', '2011-05-10 01:49:17');
INSERT INTO `credentialusage` (`clientcredential_clientid`, `terminal_terminalid`, `date`) VALUES ('7edbdb67c7b1265a49c363848fa90a80ac31dd85', 'eb0f38dd-0605-3548-b6cd-8bff1ac19ea3', '2007-08-22 04:28:44');
INSERT INTO `credentialusage` (`clientcredential_clientid`, `terminal_terminalid`, `date`) VALUES ('7fd0e5579a0f631abda2456c5e29123a708c7f3b', '3239f698-baa0-3a8b-af6e-36b9eb2332b7', '2000-05-28 00:26:57');
INSERT INTO `credentialusage` (`clientcredential_clientid`, `terminal_terminalid`, `date`) VALUES ('83d57c4ddfc59dedefc79e3880a8d3511c9bd7f2', '1e877dab-1779-3802-aa89-0ee05c3ad7f6', '1976-03-18 16:33:10');
INSERT INTO `credentialusage` (`clientcredential_clientid`, `terminal_terminalid`, `date`) VALUES ('83d57c4ddfc59dedefc79e3880a8d3511c9bd7f2', '4d5f9e3e-9cba-3343-a17f-5c148bd15a0c', '1991-10-31 19:20:37');
INSERT INTO `credentialusage` (`clientcredential_clientid`, `terminal_terminalid`, `date`) VALUES ('83d57c4ddfc59dedefc79e3880a8d3511c9bd7f2', '8a83e7e4-5111-3308-ae18-93e9df5521a4', '2009-09-24 13:55:40');
INSERT INTO `credentialusage` (`clientcredential_clientid`, `terminal_terminalid`, `date`) VALUES ('83d57c4ddfc59dedefc79e3880a8d3511c9bd7f2', 'b7728a02-919c-351b-bd43-75ac982d201c', '2003-03-17 16:33:27');
INSERT INTO `credentialusage` (`clientcredential_clientid`, `terminal_terminalid`, `date`) VALUES ('8528a62612d72f17dd94aa7df5bfc71a41cb6ebc', '05964f6c-c7b8-31b9-ba7c-6ae220c717c9', '2005-03-15 19:08:08');
INSERT INTO `credentialusage` (`clientcredential_clientid`, `terminal_terminalid`, `date`) VALUES ('8528a62612d72f17dd94aa7df5bfc71a41cb6ebc', '382b8605-3c71-3ab7-a53b-dcbed9f6c18f', '1999-12-11 18:36:16');
INSERT INTO `credentialusage` (`clientcredential_clientid`, `terminal_terminalid`, `date`) VALUES ('8528a62612d72f17dd94aa7df5bfc71a41cb6ebc', '8498b00d-c8d3-3d47-84f4-01f57eff2350', '1999-04-23 04:37:40');
INSERT INTO `credentialusage` (`clientcredential_clientid`, `terminal_terminalid`, `date`) VALUES ('8528a62612d72f17dd94aa7df5bfc71a41cb6ebc', '8a83e7e4-5111-3308-ae18-93e9df5521a4', '1986-11-14 11:27:28');
INSERT INTO `credentialusage` (`clientcredential_clientid`, `terminal_terminalid`, `date`) VALUES ('86432c8203c43831a77558ca1bbdfa8b16b3e712', '2aaf914b-96db-3b41-9a84-060c3fa05a35', '2002-11-12 09:49:24');
INSERT INTO `credentialusage` (`clientcredential_clientid`, `terminal_terminalid`, `date`) VALUES ('86432c8203c43831a77558ca1bbdfa8b16b3e712', '3cc444c3-e2f8-38dd-93f2-551bb71559e4', '1986-03-09 01:06:56');
INSERT INTO `credentialusage` (`clientcredential_clientid`, `terminal_terminalid`, `date`) VALUES ('86432c8203c43831a77558ca1bbdfa8b16b3e712', '79b64d8e-3ebc-398f-a7d4-6c50e41a0be4', '1980-06-24 15:35:53');
INSERT INTO `credentialusage` (`clientcredential_clientid`, `terminal_terminalid`, `date`) VALUES ('8ba6229126c23d70589d677a7b7fa9ca5598f5cf', '1010490b-f04d-3144-8f49-4c155b797241', '2002-10-02 12:15:47');
INSERT INTO `credentialusage` (`clientcredential_clientid`, `terminal_terminalid`, `date`) VALUES ('9bd07300d112756382ebc95d6644c0b57b195d60', '17613f10-84ba-3afa-8420-2b12cad91388', '2011-05-17 14:06:23');
INSERT INTO `credentialusage` (`clientcredential_clientid`, `terminal_terminalid`, `date`) VALUES ('9bd07300d112756382ebc95d6644c0b57b195d60', '3b3806a5-13a1-38a8-9bc9-9f4d0dfe09bc', '2002-05-29 13:54:18');
INSERT INTO `credentialusage` (`clientcredential_clientid`, `terminal_terminalid`, `date`) VALUES ('9bd07300d112756382ebc95d6644c0b57b195d60', 'fa2558e5-c22c-39c1-b10e-e62adf8df6fe', '1989-12-19 10:12:29');
INSERT INTO `credentialusage` (`clientcredential_clientid`, `terminal_terminalid`, `date`) VALUES ('a15ccae072183b35c54396449625594b6048dc54', '3b3806a5-13a1-38a8-9bc9-9f4d0dfe09bc', '1978-04-20 15:24:46');
INSERT INTO `credentialusage` (`clientcredential_clientid`, `terminal_terminalid`, `date`) VALUES ('a15ccae072183b35c54396449625594b6048dc54', '7dc87fcf-1c45-3f35-a245-03c6ce23fb43', '1980-07-19 21:33:51');
INSERT INTO `credentialusage` (`clientcredential_clientid`, `terminal_terminalid`, `date`) VALUES ('a4757451d5790840898aa58841ec901a7e1a5cee', '7405c4c0-6c21-330f-a7e8-13243d5deb75', '1997-12-27 21:28:52');
INSERT INTO `credentialusage` (`clientcredential_clientid`, `terminal_terminalid`, `date`) VALUES ('a6049cb32eb574e61780b2987a6bf91bb9860461', '4c2d5e52-b9ed-38bb-983b-473511def274', '2006-11-17 11:26:12');
INSERT INTO `credentialusage` (`clientcredential_clientid`, `terminal_terminalid`, `date`) VALUES ('ab81257dcb4451fc05092b2691968075083d149a', 'f5ce6342-59b1-338b-b3a3-1e5ada89b0e5', '2008-11-26 03:56:20');
INSERT INTO `credentialusage` (`clientcredential_clientid`, `terminal_terminalid`, `date`) VALUES ('aed3f654a5df01f51b38cf7da320afe58b5fbbd1', '675e77c0-1790-3561-aa7a-44d7e8385457', '1977-02-23 15:05:58');
INSERT INTO `credentialusage` (`clientcredential_clientid`, `terminal_terminalid`, `date`) VALUES ('aed3f654a5df01f51b38cf7da320afe58b5fbbd1', 'f9e693d4-3785-3ea1-ab2d-6ca41074d4b4', '1970-07-08 20:51:36');
INSERT INTO `credentialusage` (`clientcredential_clientid`, `terminal_terminalid`, `date`) VALUES ('b387fc3d9288673bf303b9ac1d2669120fb31531', 'b29d69e5-266b-3785-aabc-19e0262e3bef', '1997-01-25 22:20:18');
INSERT INTO `credentialusage` (`clientcredential_clientid`, `terminal_terminalid`, `date`) VALUES ('b5c8bf6c6c1ee0c8ee819326cdb35bfcbf5262fd', '448364f6-4e05-37e5-9453-53860e126a80', '1990-04-20 19:20:04');
INSERT INTO `credentialusage` (`clientcredential_clientid`, `terminal_terminalid`, `date`) VALUES ('b5c8bf6c6c1ee0c8ee819326cdb35bfcbf5262fd', '4c2d5e52-b9ed-38bb-983b-473511def274', '1988-12-03 14:28:37');
INSERT INTO `credentialusage` (`clientcredential_clientid`, `terminal_terminalid`, `date`) VALUES ('b93f13a9c50310a08e4c5437b64674768468b14b', '5ee7bd8d-21ad-39f2-aa35-af77efcb42c2', '1989-06-24 14:40:30');
INSERT INTO `credentialusage` (`clientcredential_clientid`, `terminal_terminalid`, `date`) VALUES ('b9d4d5a84097e8c4d5fb30470088607132cccf9e', '1455aa05-092c-3c42-a22a-3959b1f1c4f7', '2012-11-20 18:32:10');
INSERT INTO `credentialusage` (`clientcredential_clientid`, `terminal_terminalid`, `date`) VALUES ('b9d4d5a84097e8c4d5fb30470088607132cccf9e', 'f0d37f91-3724-3043-9e20-566370099f90', '1998-01-30 00:14:23');
INSERT INTO `credentialusage` (`clientcredential_clientid`, `terminal_terminalid`, `date`) VALUES ('bb8a29d6656a45f9d97ca801d2057812ab385b73', 'f5ce6342-59b1-338b-b3a3-1e5ada89b0e5', '2005-11-24 10:39:55');
INSERT INTO `credentialusage` (`clientcredential_clientid`, `terminal_terminalid`, `date`) VALUES ('bb8a29d6656a45f9d97ca801d2057812ab385b73', 'fd04344e-57b7-3059-9825-942ecb277c67', '1987-07-17 22:41:27');
INSERT INTO `credentialusage` (`clientcredential_clientid`, `terminal_terminalid`, `date`) VALUES ('c0d51953d936ca4dfbc19b3d30fd6b16fc55e86d', 'f74380a3-f4cf-3a49-800d-7d802a2c91d8', '1995-07-14 11:55:44');
INSERT INTO `credentialusage` (`clientcredential_clientid`, `terminal_terminalid`, `date`) VALUES ('c5b090fe6512204a9ae9c7dde42f8b28cce468e8', 'f9e693d4-3785-3ea1-ab2d-6ca41074d4b4', '1976-04-26 11:32:25');
INSERT INTO `credentialusage` (`clientcredential_clientid`, `terminal_terminalid`, `date`) VALUES ('c8089932c0055fc5bcbb32d33820ecedb4da274b', '92b63640-d98c-3813-911c-46f99d5e9cb8', '1983-01-06 10:50:05');
INSERT INTO `credentialusage` (`clientcredential_clientid`, `terminal_terminalid`, `date`) VALUES ('c8089932c0055fc5bcbb32d33820ecedb4da274b', 'b8b42452-bd96-3693-b834-5b0e0cdda631', '1999-12-11 01:57:19');
INSERT INTO `credentialusage` (`clientcredential_clientid`, `terminal_terminalid`, `date`) VALUES ('cfd232cba3bb72b3f3eddaec9154b91685ae4119', '1f18c9f4-a032-3503-84b8-bc55018ee4c4', '2016-03-17 00:27:20');
INSERT INTO `credentialusage` (`clientcredential_clientid`, `terminal_terminalid`, `date`) VALUES ('d420bb3a78f4023c8bbaefe1f2908071f907655f', '065abd9f-fe5f-3842-a09b-696119761c7f', '1971-01-07 21:47:35');
INSERT INTO `credentialusage` (`clientcredential_clientid`, `terminal_terminalid`, `date`) VALUES ('d6aa8b60e1915aec1bcd7671f8e28e2091310160', '05964f6c-c7b8-31b9-ba7c-6ae220c717c9', '1979-05-24 22:50:19');
INSERT INTO `credentialusage` (`clientcredential_clientid`, `terminal_terminalid`, `date`) VALUES ('dada5080eb2419c593a7aa8fe3fc5e050bacf771', 'b29d69e5-266b-3785-aabc-19e0262e3bef', '1986-06-26 18:53:09');
INSERT INTO `credentialusage` (`clientcredential_clientid`, `terminal_terminalid`, `date`) VALUES ('dada5080eb2419c593a7aa8fe3fc5e050bacf771', 'e6698fb5-e133-3241-bef7-73687960d2a4', '2011-03-03 11:31:46');
INSERT INTO `credentialusage` (`clientcredential_clientid`, `terminal_terminalid`, `date`) VALUES ('dc23fe91af81d4ffde6867f53a7d4e36442423c2', 'd0d6e6a0-d584-38e6-862e-4b6190709508', '1977-10-27 14:17:31');
INSERT INTO `credentialusage` (`clientcredential_clientid`, `terminal_terminalid`, `date`) VALUES ('dcf3a8561005fbdb33c966f98fa53fe4ff85035d', '65d2c555-0441-3dee-bb65-bab8e13718e4', '1986-02-16 13:19:40');
INSERT INTO `credentialusage` (`clientcredential_clientid`, `terminal_terminalid`, `date`) VALUES ('de7c1d4a347638ee146a54d11bcf636a573ea6cf', '2ed4383b-d2a7-362d-b4c5-3ba921508e8e', '1970-10-27 12:17:30');
INSERT INTO `credentialusage` (`clientcredential_clientid`, `terminal_terminalid`, `date`) VALUES ('df021da3cb14e0e995d503d84bbcd8beba130a79', '355257db-4e16-3073-bbb6-a3b8d0d3af5c', '2012-10-22 13:59:13');
INSERT INTO `credentialusage` (`clientcredential_clientid`, `terminal_terminalid`, `date`) VALUES ('e792b78f17852132b8524e4992c67dc5ac76c24b', '1afa3364-57d9-3d94-a75b-f77a0fe61de6', '2008-02-20 12:42:33');
INSERT INTO `credentialusage` (`clientcredential_clientid`, `terminal_terminalid`, `date`) VALUES ('e792b78f17852132b8524e4992c67dc5ac76c24b', 'f74380a3-f4cf-3a49-800d-7d802a2c91d8', '1997-06-14 18:47:37');
INSERT INTO `credentialusage` (`clientcredential_clientid`, `terminal_terminalid`, `date`) VALUES ('e8b92660ca8bd4ea18f73c6e73e378c94e8bf78e', 'c23cf0d2-0ae6-3921-a1e6-ee5eded63a98', '1991-02-20 04:46:07');
INSERT INTO `credentialusage` (`clientcredential_clientid`, `terminal_terminalid`, `date`) VALUES ('e90ed2da547c0e39a00a31489a2033e3006f9626', '4c2d5e52-b9ed-38bb-983b-473511def274', '1979-10-22 03:23:13');
INSERT INTO `credentialusage` (`clientcredential_clientid`, `terminal_terminalid`, `date`) VALUES ('e90ed2da547c0e39a00a31489a2033e3006f9626', 'b29d69e5-266b-3785-aabc-19e0262e3bef', '2002-10-18 12:36:08');
INSERT INTO `credentialusage` (`clientcredential_clientid`, `terminal_terminalid`, `date`) VALUES ('ea9a0f0577bdd0c036353bf1a1abb6c58ddcbb9e', '25ee1b8b-96eb-3f46-bf0c-91b559ddcb1a', '1970-08-08 02:51:58');
INSERT INTO `credentialusage` (`clientcredential_clientid`, `terminal_terminalid`, `date`) VALUES ('ea9a0f0577bdd0c036353bf1a1abb6c58ddcbb9e', '382b8605-3c71-3ab7-a53b-dcbed9f6c18f', '2000-07-10 20:54:01');
INSERT INTO `credentialusage` (`clientcredential_clientid`, `terminal_terminalid`, `date`) VALUES ('ec5d57763476f6a5d90aa2ecbf5702355d6c2f99', '355257db-4e16-3073-bbb6-a3b8d0d3af5c', '1981-11-08 07:58:41');
INSERT INTO `credentialusage` (`clientcredential_clientid`, `terminal_terminalid`, `date`) VALUES ('ec5d57763476f6a5d90aa2ecbf5702355d6c2f99', 'f249d694-be1c-3cc7-b64d-26804fc26de4', '2016-03-02 22:24:07');
INSERT INTO `credentialusage` (`clientcredential_clientid`, `terminal_terminalid`, `date`) VALUES ('ed92fd2f12c3bd6c378f6da787f29562d691fcee', '1f18c9f4-a032-3503-84b8-bc55018ee4c4', '1985-09-11 08:47:13');
INSERT INTO `credentialusage` (`clientcredential_clientid`, `terminal_terminalid`, `date`) VALUES ('ed92fd2f12c3bd6c378f6da787f29562d691fcee', 'de212942-63de-344f-ba48-2ddc853a5137', '1984-10-11 14:13:11');
INSERT INTO `credentialusage` (`clientcredential_clientid`, `terminal_terminalid`, `date`) VALUES ('f34e3ac989f4aa1d960004b5dffec9e938b1c2e3', '5ee7bd8d-21ad-39f2-aa35-af77efcb42c2', '2009-07-16 06:37:37');
INSERT INTO `credentialusage` (`clientcredential_clientid`, `terminal_terminalid`, `date`) VALUES ('f34e3ac989f4aa1d960004b5dffec9e938b1c2e3', 'a0d1fd7b-b4cf-38fe-926c-669495ee5257', '1988-12-31 13:05:07');
INSERT INTO `credentialusage` (`clientcredential_clientid`, `terminal_terminalid`, `date`) VALUES ('f479b72f246693a838fb34344236205fa7a959cd', 'd0d6e6a0-d584-38e6-862e-4b6190709508', '2015-11-27 05:47:34');
INSERT INTO `credentialusage` (`clientcredential_clientid`, `terminal_terminalid`, `date`) VALUES ('fa63c66aac6dfc1a36df6a25d80af19f24a74fa1', '9fb75c23-b7d6-3c74-975f-f27305b47538', '1977-08-23 08:30:08');
INSERT INTO `credentialusage` (`clientcredential_clientid`, `terminal_terminalid`, `date`) VALUES ('fe59143b8978053c800256f9cbc3f8e59ad38521', '0707eb15-570f-35a2-98fe-a1818d2c00e3', '1997-12-27 14:49:34');
INSERT INTO `credentialusage` (`clientcredential_clientid`, `terminal_terminalid`, `date`) VALUES ('fe59143b8978053c800256f9cbc3f8e59ad38521', '2aaf914b-96db-3b41-9a84-060c3fa05a35', '1994-12-30 13:31:44');
INSERT INTO `credentialusage` (`clientcredential_clientid`, `terminal_terminalid`, `date`) VALUES ('ff802a74be4569d85a1c8fc52f76993339111829', 'ed589a45-cd77-3e57-a600-ac59b4db7106', '2010-08-04 22:49:47');

INSERT INTO `clientcredentialpermission` (`clientcredential_clientid`, `permission_permid`) VALUES ('06d23c0af867cda9488ff3a977c960e12b895eb0', 100);
INSERT INTO `clientcredentialpermission` (`clientcredential_clientid`, `permission_permid`) VALUES ('07c79abe74fe3f9b63f9eaf08cad2a31f4003307', 5);
INSERT INTO `clientcredentialpermission` (`clientcredential_clientid`, `permission_permid`) VALUES ('1e7ded8d8f3116647a685a4013783ba74bdee0ad', 94);
INSERT INTO `clientcredentialpermission` (`clientcredential_clientid`, `permission_permid`) VALUES ('236da9ebdaf4cd44799e7a685b9db68ffa0c1c3c', 50);
INSERT INTO `clientcredentialpermission` (`clientcredential_clientid`, `permission_permid`) VALUES ('25dcc7241d83779717766d32b04d7a806cbcc110', 24);
INSERT INTO `clientcredentialpermission` (`clientcredential_clientid`, `permission_permid`) VALUES ('25dcc7241d83779717766d32b04d7a806cbcc110', 80);
INSERT INTO `clientcredentialpermission` (`clientcredential_clientid`, `permission_permid`) VALUES ('280dbe82af5853256991504ce5ee251c389f195e', 24);
INSERT INTO `clientcredentialpermission` (`clientcredential_clientid`, `permission_permid`) VALUES ('2cb496fbbfb5ab1fab34860da25ad4919e1c0330', 51);
INSERT INTO `clientcredentialpermission` (`clientcredential_clientid`, `permission_permid`) VALUES ('2d7c0a78c5aaa82295f29f73c2ee3c3b1ebe5bc6', 15);
INSERT INTO `clientcredentialpermission` (`clientcredential_clientid`, `permission_permid`) VALUES ('2d7c0a78c5aaa82295f29f73c2ee3c3b1ebe5bc6', 16);
INSERT INTO `clientcredentialpermission` (`clientcredential_clientid`, `permission_permid`) VALUES ('3d81a6b6766874a407563a9ea5a9099dc0a87e74', 5);
INSERT INTO `clientcredentialpermission` (`clientcredential_clientid`, `permission_permid`) VALUES ('48d7fadd4f9e28b7167e7afe3799906d7edfd1a5', 29);
INSERT INTO `clientcredentialpermission` (`clientcredential_clientid`, `permission_permid`) VALUES ('4b02a6e678d6fd0fab827606812eabefd6dba002', 14);
INSERT INTO `clientcredentialpermission` (`clientcredential_clientid`, `permission_permid`) VALUES ('4b02a6e678d6fd0fab827606812eabefd6dba002', 66);
INSERT INTO `clientcredentialpermission` (`clientcredential_clientid`, `permission_permid`) VALUES ('4ffc64e596989affed4beb2be88448309eaf241b', 71);
INSERT INTO `clientcredentialpermission` (`clientcredential_clientid`, `permission_permid`) VALUES ('56fd65d77bbb0b00160cc2b8fd2ae71efa44494c', 9);
INSERT INTO `clientcredentialpermission` (`clientcredential_clientid`, `permission_permid`) VALUES ('56fd65d77bbb0b00160cc2b8fd2ae71efa44494c', 43);
INSERT INTO `clientcredentialpermission` (`clientcredential_clientid`, `permission_permid`) VALUES ('56fd65d77bbb0b00160cc2b8fd2ae71efa44494c', 83);
INSERT INTO `clientcredentialpermission` (`clientcredential_clientid`, `permission_permid`) VALUES ('576f1dce55a6e9a342feb6b62a9e97d7c3253dc5', 52);
INSERT INTO `clientcredentialpermission` (`clientcredential_clientid`, `permission_permid`) VALUES ('591d603dbcee3efa6ee50b1d043a9ef77196a2ae', 22);
INSERT INTO `clientcredentialpermission` (`clientcredential_clientid`, `permission_permid`) VALUES ('591d603dbcee3efa6ee50b1d043a9ef77196a2ae', 41);
INSERT INTO `clientcredentialpermission` (`clientcredential_clientid`, `permission_permid`) VALUES ('591d603dbcee3efa6ee50b1d043a9ef77196a2ae', 54);
INSERT INTO `clientcredentialpermission` (`clientcredential_clientid`, `permission_permid`) VALUES ('597a7a00569981a3485b47123c690f68fe062624', 25);
INSERT INTO `clientcredentialpermission` (`clientcredential_clientid`, `permission_permid`) VALUES ('597a7a00569981a3485b47123c690f68fe062624', 39);
INSERT INTO `clientcredentialpermission` (`clientcredential_clientid`, `permission_permid`) VALUES ('5b6f2b84ab9abd011fb3fe1aa2181f68c6332f4e', 36);
INSERT INTO `clientcredentialpermission` (`clientcredential_clientid`, `permission_permid`) VALUES ('5b6f2b84ab9abd011fb3fe1aa2181f68c6332f4e', 62);
INSERT INTO `clientcredentialpermission` (`clientcredential_clientid`, `permission_permid`) VALUES ('5edef41fd897ef0881918213de814acdb1959098', 61);
INSERT INTO `clientcredentialpermission` (`clientcredential_clientid`, `permission_permid`) VALUES ('5f5c9933f085dabbc4609ccf0f71eebff778028f', 33);
INSERT INTO `clientcredentialpermission` (`clientcredential_clientid`, `permission_permid`) VALUES ('62ae3a8dbdc68634ce3f4276d1601774ca349666', 56);
INSERT INTO `clientcredentialpermission` (`clientcredential_clientid`, `permission_permid`) VALUES ('69f758701bc077ff8d579983885c10f26f007996', 2);
INSERT INTO `clientcredentialpermission` (`clientcredential_clientid`, `permission_permid`) VALUES ('69f758701bc077ff8d579983885c10f26f007996', 58);
INSERT INTO `clientcredentialpermission` (`clientcredential_clientid`, `permission_permid`) VALUES ('69f758701bc077ff8d579983885c10f26f007996', 76);
INSERT INTO `clientcredentialpermission` (`clientcredential_clientid`, `permission_permid`) VALUES ('6c9e16b6cfc9f3c9af452235c7decf7fcfb4ffe1', 90);
INSERT INTO `clientcredentialpermission` (`clientcredential_clientid`, `permission_permid`) VALUES ('6dc0ed199756211d09caec23e798e2e058c678f1', 89);
INSERT INTO `clientcredentialpermission` (`clientcredential_clientid`, `permission_permid`) VALUES ('7317317aa61ba2f03f4bd113cd3fa7f9c080e1af', 35);
INSERT INTO `clientcredentialpermission` (`clientcredential_clientid`, `permission_permid`) VALUES ('737d8488fa000918aeb46d9d03e367267fa23cb8', 33);
INSERT INTO `clientcredentialpermission` (`clientcredential_clientid`, `permission_permid`) VALUES ('7a57904679adfc7f3935de8b8b06256903619995', 40);
INSERT INTO `clientcredentialpermission` (`clientcredential_clientid`, `permission_permid`) VALUES ('7ca73442cd577e7e9bf011bfe80b0ff55e8553c3', 8);
INSERT INTO `clientcredentialpermission` (`clientcredential_clientid`, `permission_permid`) VALUES ('7ca73442cd577e7e9bf011bfe80b0ff55e8553c3', 21);
INSERT INTO `clientcredentialpermission` (`clientcredential_clientid`, `permission_permid`) VALUES ('7ca73442cd577e7e9bf011bfe80b0ff55e8553c3', 55);
INSERT INTO `clientcredentialpermission` (`clientcredential_clientid`, `permission_permid`) VALUES ('7ca73442cd577e7e9bf011bfe80b0ff55e8553c3', 87);
INSERT INTO `clientcredentialpermission` (`clientcredential_clientid`, `permission_permid`) VALUES ('7ca73442cd577e7e9bf011bfe80b0ff55e8553c3', 94);
INSERT INTO `clientcredentialpermission` (`clientcredential_clientid`, `permission_permid`) VALUES ('7d76635ccc9f4eaf3388700e68aee9cd1c3fd5db', 44);
INSERT INTO `clientcredentialpermission` (`clientcredential_clientid`, `permission_permid`) VALUES ('7edbdb67c7b1265a49c363848fa90a80ac31dd85', 7);
INSERT INTO `clientcredentialpermission` (`clientcredential_clientid`, `permission_permid`) VALUES ('8528a62612d72f17dd94aa7df5bfc71a41cb6ebc', 67);
INSERT INTO `clientcredentialpermission` (`clientcredential_clientid`, `permission_permid`) VALUES ('8528a62612d72f17dd94aa7df5bfc71a41cb6ebc', 84);
INSERT INTO `clientcredentialpermission` (`clientcredential_clientid`, `permission_permid`) VALUES ('86432c8203c43831a77558ca1bbdfa8b16b3e712', 44);
INSERT INTO `clientcredentialpermission` (`clientcredential_clientid`, `permission_permid`) VALUES ('8ba6229126c23d70589d677a7b7fa9ca5598f5cf', 40);
INSERT INTO `clientcredentialpermission` (`clientcredential_clientid`, `permission_permid`) VALUES ('8ba6229126c23d70589d677a7b7fa9ca5598f5cf', 49);
INSERT INTO `clientcredentialpermission` (`clientcredential_clientid`, `permission_permid`) VALUES ('8ba6229126c23d70589d677a7b7fa9ca5598f5cf', 53);
INSERT INTO `clientcredentialpermission` (`clientcredential_clientid`, `permission_permid`) VALUES ('929879787846404169b5b4102a9186cfaf5439b0', 15);
INSERT INTO `clientcredentialpermission` (`clientcredential_clientid`, `permission_permid`) VALUES ('96e07eaf34d747009dc30fe5e0e0aec82b8d8607', 59);
INSERT INTO `clientcredentialpermission` (`clientcredential_clientid`, `permission_permid`) VALUES ('96e07eaf34d747009dc30fe5e0e0aec82b8d8607', 73);
INSERT INTO `clientcredentialpermission` (`clientcredential_clientid`, `permission_permid`) VALUES ('9bd07300d112756382ebc95d6644c0b57b195d60', 6);
INSERT INTO `clientcredentialpermission` (`clientcredential_clientid`, `permission_permid`) VALUES ('a20f457a178b780a15e8a93557aa54625beb059a', 25);
INSERT INTO `clientcredentialpermission` (`clientcredential_clientid`, `permission_permid`) VALUES ('a4757451d5790840898aa58841ec901a7e1a5cee', 50);
INSERT INTO `clientcredentialpermission` (`clientcredential_clientid`, `permission_permid`) VALUES ('a4757451d5790840898aa58841ec901a7e1a5cee', 86);
INSERT INTO `clientcredentialpermission` (`clientcredential_clientid`, `permission_permid`) VALUES ('a92dd84bae82bc6ad0fa71084e41845ddb0e7ef1', 14);
INSERT INTO `clientcredentialpermission` (`clientcredential_clientid`, `permission_permid`) VALUES ('ab81257dcb4451fc05092b2691968075083d149a', 16);
INSERT INTO `clientcredentialpermission` (`clientcredential_clientid`, `permission_permid`) VALUES ('ab81257dcb4451fc05092b2691968075083d149a', 54);
INSERT INTO `clientcredentialpermission` (`clientcredential_clientid`, `permission_permid`) VALUES ('ab81257dcb4451fc05092b2691968075083d149a', 73);
INSERT INTO `clientcredentialpermission` (`clientcredential_clientid`, `permission_permid`) VALUES ('aed3f654a5df01f51b38cf7da320afe58b5fbbd1', 83);
INSERT INTO `clientcredentialpermission` (`clientcredential_clientid`, `permission_permid`) VALUES ('b387fc3d9288673bf303b9ac1d2669120fb31531', 62);
INSERT INTO `clientcredentialpermission` (`clientcredential_clientid`, `permission_permid`) VALUES ('b387fc3d9288673bf303b9ac1d2669120fb31531', 74);
INSERT INTO `clientcredentialpermission` (`clientcredential_clientid`, `permission_permid`) VALUES ('b93f13a9c50310a08e4c5437b64674768468b14b', 10);
INSERT INTO `clientcredentialpermission` (`clientcredential_clientid`, `permission_permid`) VALUES ('bb8a29d6656a45f9d97ca801d2057812ab385b73', 56);
INSERT INTO `clientcredentialpermission` (`clientcredential_clientid`, `permission_permid`) VALUES ('bb8a29d6656a45f9d97ca801d2057812ab385b73', 75);
INSERT INTO `clientcredentialpermission` (`clientcredential_clientid`, `permission_permid`) VALUES ('bf693b83f7a5b73191871e79dd59a808985e20da', 18);
INSERT INTO `clientcredentialpermission` (`clientcredential_clientid`, `permission_permid`) VALUES ('bf693b83f7a5b73191871e79dd59a808985e20da', 80);
INSERT INTO `clientcredentialpermission` (`clientcredential_clientid`, `permission_permid`) VALUES ('c0d51953d936ca4dfbc19b3d30fd6b16fc55e86d', 5);
INSERT INTO `clientcredentialpermission` (`clientcredential_clientid`, `permission_permid`) VALUES ('c0d51953d936ca4dfbc19b3d30fd6b16fc55e86d', 42);
INSERT INTO `clientcredentialpermission` (`clientcredential_clientid`, `permission_permid`) VALUES ('c0d51953d936ca4dfbc19b3d30fd6b16fc55e86d', 48);
INSERT INTO `clientcredentialpermission` (`clientcredential_clientid`, `permission_permid`) VALUES ('c0d51953d936ca4dfbc19b3d30fd6b16fc55e86d', 74);
INSERT INTO `clientcredentialpermission` (`clientcredential_clientid`, `permission_permid`) VALUES ('c0d51953d936ca4dfbc19b3d30fd6b16fc55e86d', 78);
INSERT INTO `clientcredentialpermission` (`clientcredential_clientid`, `permission_permid`) VALUES ('c21a53154b3f518f99fc917393dfeeff8bcfdd27', 86);
INSERT INTO `clientcredentialpermission` (`clientcredential_clientid`, `permission_permid`) VALUES ('c21a53154b3f518f99fc917393dfeeff8bcfdd27', 99);
INSERT INTO `clientcredentialpermission` (`clientcredential_clientid`, `permission_permid`) VALUES ('c5b090fe6512204a9ae9c7dde42f8b28cce468e8', 46);
INSERT INTO `clientcredentialpermission` (`clientcredential_clientid`, `permission_permid`) VALUES ('c5b090fe6512204a9ae9c7dde42f8b28cce468e8', 72);
INSERT INTO `clientcredentialpermission` (`clientcredential_clientid`, `permission_permid`) VALUES ('d496af180d0772251b5175c17fbf6b646e348035', 12);
INSERT INTO `clientcredentialpermission` (`clientcredential_clientid`, `permission_permid`) VALUES ('d496af180d0772251b5175c17fbf6b646e348035', 34);
INSERT INTO `clientcredentialpermission` (`clientcredential_clientid`, `permission_permid`) VALUES ('d496af180d0772251b5175c17fbf6b646e348035', 39);
INSERT INTO `clientcredentialpermission` (`clientcredential_clientid`, `permission_permid`) VALUES ('d6aa8b60e1915aec1bcd7671f8e28e2091310160', 19);
INSERT INTO `clientcredentialpermission` (`clientcredential_clientid`, `permission_permid`) VALUES ('d984aa3f7a631dfc73314a2e421eb73fddd09d07', 43);
INSERT INTO `clientcredentialpermission` (`clientcredential_clientid`, `permission_permid`) VALUES ('dcf3a8561005fbdb33c966f98fa53fe4ff85035d', 71);
INSERT INTO `clientcredentialpermission` (`clientcredential_clientid`, `permission_permid`) VALUES ('df021da3cb14e0e995d503d84bbcd8beba130a79', 32);
INSERT INTO `clientcredentialpermission` (`clientcredential_clientid`, `permission_permid`) VALUES ('df021da3cb14e0e995d503d84bbcd8beba130a79', 61);
INSERT INTO `clientcredentialpermission` (`clientcredential_clientid`, `permission_permid`) VALUES ('df021da3cb14e0e995d503d84bbcd8beba130a79', 100);
INSERT INTO `clientcredentialpermission` (`clientcredential_clientid`, `permission_permid`) VALUES ('e792b78f17852132b8524e4992c67dc5ac76c24b', 38);
INSERT INTO `clientcredentialpermission` (`clientcredential_clientid`, `permission_permid`) VALUES ('e8b92660ca8bd4ea18f73c6e73e378c94e8bf78e', 37);
INSERT INTO `clientcredentialpermission` (`clientcredential_clientid`, `permission_permid`) VALUES ('e90ed2da547c0e39a00a31489a2033e3006f9626', 7);
INSERT INTO `clientcredentialpermission` (`clientcredential_clientid`, `permission_permid`) VALUES ('e90ed2da547c0e39a00a31489a2033e3006f9626', 25);
INSERT INTO `clientcredentialpermission` (`clientcredential_clientid`, `permission_permid`) VALUES ('ea9a0f0577bdd0c036353bf1a1abb6c58ddcbb9e', 35);
INSERT INTO `clientcredentialpermission` (`clientcredential_clientid`, `permission_permid`) VALUES ('ea9a0f0577bdd0c036353bf1a1abb6c58ddcbb9e', 48);
INSERT INTO `clientcredentialpermission` (`clientcredential_clientid`, `permission_permid`) VALUES ('ea9a0f0577bdd0c036353bf1a1abb6c58ddcbb9e', 94);
INSERT INTO `clientcredentialpermission` (`clientcredential_clientid`, `permission_permid`) VALUES ('ec5d57763476f6a5d90aa2ecbf5702355d6c2f99', 73);
INSERT INTO `clientcredentialpermission` (`clientcredential_clientid`, `permission_permid`) VALUES ('f34e3ac989f4aa1d960004b5dffec9e938b1c2e3', 64);
INSERT INTO `clientcredentialpermission` (`clientcredential_clientid`, `permission_permid`) VALUES ('f8a08bb2ca9d657cc3159718e597b420dc07fedc', 91);
INSERT INTO `clientcredentialpermission` (`clientcredential_clientid`, `permission_permid`) VALUES ('fa63c66aac6dfc1a36df6a25d80af19f24a74fa1', 40);
INSERT INTO `clientcredentialpermission` (`clientcredential_clientid`, `permission_permid`) VALUES ('fe59143b8978053c800256f9cbc3f8e59ad38521', 57);

INSERT INTO `tokenusage` (`usageid`, `user_uid`, `user_uname`, `terminal_terminalid`, `date`) VALUES (178, 83, 'kristopher34', '25ee1b8b-96eb-3f46-bf0c-91b559ddcb1a', '1988-06-10 12:17:29');
INSERT INTO `tokenusage` (`usageid`, `user_uid`, `user_uname`, `terminal_terminalid`, `date`) VALUES (600, 99, 'rahul93', '17613f10-84ba-3afa-8420-2b12cad91388', '1971-06-21 00:16:33');
INSERT INTO `tokenusage` (`usageid`, `user_uid`, `user_uname`, `terminal_terminalid`, `date`) VALUES (706, 69, 'ratke.jacey', '8498b00d-c8d3-3d47-84f4-01f57eff2350', '2001-11-16 00:35:50');
INSERT INTO `tokenusage` (`usageid`, `user_uid`, `user_uname`, `terminal_terminalid`, `date`) VALUES (748, 45, 'shaniya79', 'eb0f38dd-0605-3548-b6cd-8bff1ac19ea3', '2001-11-24 19:27:27');
INSERT INTO `tokenusage` (`usageid`, `user_uid`, `user_uname`, `terminal_terminalid`, `date`) VALUES (778, 69, 'ratke.jacey', '4c2d5e52-b9ed-38bb-983b-473511def274', '1973-07-11 07:23:29');
INSERT INTO `tokenusage` (`usageid`, `user_uid`, `user_uname`, `terminal_terminalid`, `date`) VALUES (779, 59, 'tcrona', 'eb06930c-b879-3057-9c33-b2ab4a8c23e3', '1987-08-17 08:19:25');
INSERT INTO `tokenusage` (`usageid`, `user_uid`, `user_uname`, `terminal_terminalid`, `date`) VALUES (1112, 1, 'maximo.nader', 'bca81dac-eb7c-32f5-81e6-4598d39f27ea', '1979-03-16 15:39:09');
INSERT INTO `tokenusage` (`usageid`, `user_uid`, `user_uname`, `terminal_terminalid`, `date`) VALUES (1577, 93, 'effie.blick', '671fe455-a831-3e7b-bb66-f0868cc9ed5f', '2007-12-04 08:07:59');
INSERT INTO `tokenusage` (`usageid`, `user_uid`, `user_uname`, `terminal_terminalid`, `date`) VALUES (1777, 94, 'moises02', '1e877dab-1779-3802-aa89-0ee05c3ad7f6', '1982-02-05 22:54:43');
INSERT INTO `tokenusage` (`usageid`, `user_uid`, `user_uname`, `terminal_terminalid`, `date`) VALUES (1910, 6, 'xspinka', '675e77c0-1790-3561-aa7a-44d7e8385457', '1986-08-17 14:01:43');

INSERT INTO `refreshtoken` (`token`, `timeout`, `used`, `tokenusage_usageid`) VALUES ('05e3ada426ccd42f6556c960dd6bcfff84fecf86', 796, 0, 1777);
INSERT INTO `refreshtoken` (`token`, `timeout`, `used`, `tokenusage_usageid`) VALUES ('081b51c503f6f21fec95820df22f44d0762ea11c', 1722, 1, 1910);
INSERT INTO `refreshtoken` (`token`, `timeout`, `used`, `tokenusage_usageid`) VALUES ('08321034e4edb37a0b07ed2ef1c81dec8b6ea322', 2497, 1, 779);
INSERT INTO `refreshtoken` (`token`, `timeout`, `used`, `tokenusage_usageid`) VALUES ('088289b1bdbdfae4323ed4d893d99e160e788d79', 2150, 0, 706);
INSERT INTO `refreshtoken` (`token`, `timeout`, `used`, `tokenusage_usageid`) VALUES ('08c03a8f85af7fd457c382aa73c7fa7cef0b6d2b', 2291, 0, 779);
INSERT INTO `refreshtoken` (`token`, `timeout`, `used`, `tokenusage_usageid`) VALUES ('1523e3a297387be3c533cead7bdd13c68ca28819', 2820, 0, 600);
INSERT INTO `refreshtoken` (`token`, `timeout`, `used`, `tokenusage_usageid`) VALUES ('1af84746444928f6c0bc9fe2ceff854b6b7de609', 2134, 1, 600);
INSERT INTO `refreshtoken` (`token`, `timeout`, `used`, `tokenusage_usageid`) VALUES ('1c078ba0b76d35c221dfd6d433a20433b0dc980f', 1648, 0, 1777);
INSERT INTO `refreshtoken` (`token`, `timeout`, `used`, `tokenusage_usageid`) VALUES ('2040d34a095209600c2153bf267f16812d588cae', 2575, 1, 1112);
INSERT INTO `refreshtoken` (`token`, `timeout`, `used`, `tokenusage_usageid`) VALUES ('20746e5deb955e289b45c22b9fc99d47404ac731', 3511, 0, 1777);
INSERT INTO `refreshtoken` (`token`, `timeout`, `used`, `tokenusage_usageid`) VALUES ('20bc97abd111f7506a7bc90faf413228b24f4857', 3178, 0, 778);
INSERT INTO `refreshtoken` (`token`, `timeout`, `used`, `tokenusage_usageid`) VALUES ('22606c0f6fa6d2e9db3c76bb5ac49539da105038', 326, 1, 1577);
INSERT INTO `refreshtoken` (`token`, `timeout`, `used`, `tokenusage_usageid`) VALUES ('232e45f9a893185ca76d0d111f2634e427a64071', 830, 1, 1112);
INSERT INTO `refreshtoken` (`token`, `timeout`, `used`, `tokenusage_usageid`) VALUES ('23f1af8b340945f9e4ed0b66a5c7bb8577875256', 811, 0, 178);
INSERT INTO `refreshtoken` (`token`, `timeout`, `used`, `tokenusage_usageid`) VALUES ('26138fe30a69478d8f04203571ca215a90ab73b8', 3174, 1, 748);
INSERT INTO `refreshtoken` (`token`, `timeout`, `used`, `tokenusage_usageid`) VALUES ('28208bfb736a20a3c403fb5b220405b8ee6dcc0f', 2641, 1, 1777);
INSERT INTO `refreshtoken` (`token`, `timeout`, `used`, `tokenusage_usageid`) VALUES ('292124df9eedf7221653c0ba074904d664ec692b', 916, 0, 178);
INSERT INTO `refreshtoken` (`token`, `timeout`, `used`, `tokenusage_usageid`) VALUES ('2990a6b26bd09e5dca1a99faeff1a4bced02e1fd', 2216, 1, 600);
INSERT INTO `refreshtoken` (`token`, `timeout`, `used`, `tokenusage_usageid`) VALUES ('2a7a715991f9c35d7fc63521b9fadf9c5c60043f', 95, 0, 1910);
INSERT INTO `refreshtoken` (`token`, `timeout`, `used`, `tokenusage_usageid`) VALUES ('2b089afd8482d1e7b6391b7a9ea8f07e6ae3ad4d', 2657, 1, 1777);
INSERT INTO `refreshtoken` (`token`, `timeout`, `used`, `tokenusage_usageid`) VALUES ('2e232c5e8ac024f0c97742b45f1d9f19274daebf', 1944, 1, 178);
INSERT INTO `refreshtoken` (`token`, `timeout`, `used`, `tokenusage_usageid`) VALUES ('2eed36a7f8532a5943e01c9c69adc0f32909d11e', 916, 1, 778);
INSERT INTO `refreshtoken` (`token`, `timeout`, `used`, `tokenusage_usageid`) VALUES ('319a5fe683e5774f6ae17e89172953bf917a4204', 429, 1, 178);
INSERT INTO `refreshtoken` (`token`, `timeout`, `used`, `tokenusage_usageid`) VALUES ('356305f251e5af5b8e864c6d19060a3aa80a3b81', 10, 1, 706);
INSERT INTO `refreshtoken` (`token`, `timeout`, `used`, `tokenusage_usageid`) VALUES ('37fd2c5b4d14a1f2dc22becbef25716c3910e800', 139, 1, 706);
INSERT INTO `refreshtoken` (`token`, `timeout`, `used`, `tokenusage_usageid`) VALUES ('39c0802fdf174a74c4d303cd3035d0a66b7401e4', 2091, 0, 1910);
INSERT INTO `refreshtoken` (`token`, `timeout`, `used`, `tokenusage_usageid`) VALUES ('39f754afcc9499a5832e52d503ccc7a1256055d7', 1703, 1, 600);
INSERT INTO `refreshtoken` (`token`, `timeout`, `used`, `tokenusage_usageid`) VALUES ('3e2af2714a97c3795c3994763130dd29184b805e', 427, 0, 778);
INSERT INTO `refreshtoken` (`token`, `timeout`, `used`, `tokenusage_usageid`) VALUES ('3e5aebbe138054da02b996e9d2134156d6d0c61b', 3520, 0, 1112);
INSERT INTO `refreshtoken` (`token`, `timeout`, `used`, `tokenusage_usageid`) VALUES ('43fb47fe2bf13af4b29e6ac735bd83e007727786', 186, 1, 1777);
INSERT INTO `refreshtoken` (`token`, `timeout`, `used`, `tokenusage_usageid`) VALUES ('458b2a63ecd4c6edaf9c085dfd8a77a61fbd6c44', 1592, 1, 706);
INSERT INTO `refreshtoken` (`token`, `timeout`, `used`, `tokenusage_usageid`) VALUES ('4ad3c7aa2860c50f1b6b44eeca35b614793cbad6', 215, 0, 1910);
INSERT INTO `refreshtoken` (`token`, `timeout`, `used`, `tokenusage_usageid`) VALUES ('4b17afc3b6704f1810fa7e6ec2b7a3ba32bf5907', 2017, 0, 178);
INSERT INTO `refreshtoken` (`token`, `timeout`, `used`, `tokenusage_usageid`) VALUES ('4c36e9d3354351c9fd6a58e28df3b5063b1b4589', 2189, 1, 1777);
INSERT INTO `refreshtoken` (`token`, `timeout`, `used`, `tokenusage_usageid`) VALUES ('4e4c4dec84aab6acacf9bc09043b6d7d6e590df4', 2899, 1, 178);
INSERT INTO `refreshtoken` (`token`, `timeout`, `used`, `tokenusage_usageid`) VALUES ('4ea568fe43e40029c07e4cc5988d7f538f71ed49', 2718, 1, 178);
INSERT INTO `refreshtoken` (`token`, `timeout`, `used`, `tokenusage_usageid`) VALUES ('4f3245489d56a866cc8eefdabebcba4e80a5dedd', 2813, 0, 600);
INSERT INTO `refreshtoken` (`token`, `timeout`, `used`, `tokenusage_usageid`) VALUES ('4f8f9bdfc638f6dac90c60969d17d553bcb2f36f', 2653, 0, 779);
INSERT INTO `refreshtoken` (`token`, `timeout`, `used`, `tokenusage_usageid`) VALUES ('53e85621a36c45c8e01fa6591c6ccccdb86b46f8', 2832, 1, 1112);
INSERT INTO `refreshtoken` (`token`, `timeout`, `used`, `tokenusage_usageid`) VALUES ('5be0270c90d7c567cda50bbf274e5119e61250d5', 1435, 1, 706);
INSERT INTO `refreshtoken` (`token`, `timeout`, `used`, `tokenusage_usageid`) VALUES ('5c7557ed9a436ad05ee16f0edc4061659b7d743e', 2920, 1, 1577);
INSERT INTO `refreshtoken` (`token`, `timeout`, `used`, `tokenusage_usageid`) VALUES ('609f0dd1d6467d719b6205dea37eee8c8f0fb5ba', 1699, 0, 748);
INSERT INTO `refreshtoken` (`token`, `timeout`, `used`, `tokenusage_usageid`) VALUES ('620e8dae6c8b08cb871823608b331912a30bd872', 3107, 1, 178);
INSERT INTO `refreshtoken` (`token`, `timeout`, `used`, `tokenusage_usageid`) VALUES ('688207c633b842d4dac446ecf8f17751e6b80996', 1630, 0, 706);
INSERT INTO `refreshtoken` (`token`, `timeout`, `used`, `tokenusage_usageid`) VALUES ('6b7216511786419de355aaca15b924c7a3f5ee1d', 3485, 0, 748);
INSERT INTO `refreshtoken` (`token`, `timeout`, `used`, `tokenusage_usageid`) VALUES ('6bad876e96cbcb24802b48080995b6f7484bdcd8', 1000, 0, 706);
INSERT INTO `refreshtoken` (`token`, `timeout`, `used`, `tokenusage_usageid`) VALUES ('6bca2a92e11121214a977eda93a91d60479129d8', 1053, 1, 1910);
INSERT INTO `refreshtoken` (`token`, `timeout`, `used`, `tokenusage_usageid`) VALUES ('6be4b85927ad3d9502648053ac4aadde01b0cd9d', 28, 0, 178);
INSERT INTO `refreshtoken` (`token`, `timeout`, `used`, `tokenusage_usageid`) VALUES ('6c27a49d5fa64de67af487386bd2ca58a4e6c840', 2084, 1, 1112);
INSERT INTO `refreshtoken` (`token`, `timeout`, `used`, `tokenusage_usageid`) VALUES ('701f394f204ef2a7815ad25e9f1cd75b384a7bb7', 174, 0, 779);
INSERT INTO `refreshtoken` (`token`, `timeout`, `used`, `tokenusage_usageid`) VALUES ('74797fd81618a89da45a3aa9418681d7db249fdf', 2931, 0, 178);
INSERT INTO `refreshtoken` (`token`, `timeout`, `used`, `tokenusage_usageid`) VALUES ('74af4f974b1756f05e3a97527e5e3b500dcabb5d', 1556, 0, 178);
INSERT INTO `refreshtoken` (`token`, `timeout`, `used`, `tokenusage_usageid`) VALUES ('75c08d20536beaa7a13d55b2ae6a60be6501ae8b', 1900, 0, 1577);
INSERT INTO `refreshtoken` (`token`, `timeout`, `used`, `tokenusage_usageid`) VALUES ('77d7c600e19d4fea99e72e9ad2fc61d23a8f4488', 3330, 1, 178);
INSERT INTO `refreshtoken` (`token`, `timeout`, `used`, `tokenusage_usageid`) VALUES ('7902ce974b5e6dc1db8d09eea771dbd2cf6e4c81', 2081, 1, 600);
INSERT INTO `refreshtoken` (`token`, `timeout`, `used`, `tokenusage_usageid`) VALUES ('7906b51f4fb13b871bbb87765eb5f142c6b2fb90', 258, 1, 178);
INSERT INTO `refreshtoken` (`token`, `timeout`, `used`, `tokenusage_usageid`) VALUES ('7d0ba8c3c7bc5780353fad6d96ed9041d5bf3eb5', 2665, 0, 779);
INSERT INTO `refreshtoken` (`token`, `timeout`, `used`, `tokenusage_usageid`) VALUES ('7f960b3d91462aa5dde15370666ed26bd1400650', 2315, 1, 1777);
INSERT INTO `refreshtoken` (`token`, `timeout`, `used`, `tokenusage_usageid`) VALUES ('7f998ee2c52cd47874bca860f0ee54767cc1f3f1', 2062, 0, 1910);
INSERT INTO `refreshtoken` (`token`, `timeout`, `used`, `tokenusage_usageid`) VALUES ('80b4aaac452f49d5c5253f80d50dd05c2c06aa49', 3425, 1, 600);
INSERT INTO `refreshtoken` (`token`, `timeout`, `used`, `tokenusage_usageid`) VALUES ('821fa154f2198a0fae9b789723e8257bd15b1a39', 200, 0, 1910);
INSERT INTO `refreshtoken` (`token`, `timeout`, `used`, `tokenusage_usageid`) VALUES ('8220a207f085d70c7a443b2a84912b97779b7853', 968, 1, 778);
INSERT INTO `refreshtoken` (`token`, `timeout`, `used`, `tokenusage_usageid`) VALUES ('8539e441f2cf3724fb079934c8a40e33a49d708e', 1867, 0, 1112);
INSERT INTO `refreshtoken` (`token`, `timeout`, `used`, `tokenusage_usageid`) VALUES ('8c805a3cce3bad8982856162d6c552d57f044f8c', 454, 1, 1777);
INSERT INTO `refreshtoken` (`token`, `timeout`, `used`, `tokenusage_usageid`) VALUES ('8e759516936028d2a4e4b489a5b313f60f9a9e21', 3237, 0, 1112);
INSERT INTO `refreshtoken` (`token`, `timeout`, `used`, `tokenusage_usageid`) VALUES ('9129671a17bfe819e2b726379dbc74bd059f404c', 3112, 1, 1910);
INSERT INTO `refreshtoken` (`token`, `timeout`, `used`, `tokenusage_usageid`) VALUES ('931ba3d08fe867dc55a1ee4b05c6384040729cbe', 2698, 0, 1777);
INSERT INTO `refreshtoken` (`token`, `timeout`, `used`, `tokenusage_usageid`) VALUES ('99f8b9df9e42453b972c86046f9dcdd9f8d7707b', 2373, 1, 1777);
INSERT INTO `refreshtoken` (`token`, `timeout`, `used`, `tokenusage_usageid`) VALUES ('9c9cfc9deea1bc9c190772f9e33db1d88af7e2a5', 2955, 0, 706);
INSERT INTO `refreshtoken` (`token`, `timeout`, `used`, `tokenusage_usageid`) VALUES ('9de7ffd4d5cb84b15bdba5a0deea1f88eee59a06', 3328, 0, 178);
INSERT INTO `refreshtoken` (`token`, `timeout`, `used`, `tokenusage_usageid`) VALUES ('9f3f6f70e40c81de4d064086381a23b8b815d4b2', 1869, 0, 178);
INSERT INTO `refreshtoken` (`token`, `timeout`, `used`, `tokenusage_usageid`) VALUES ('9f6b0ee212880e2c4f233e5df2a4ebe9a2e46fdd', 807, 0, 779);
INSERT INTO `refreshtoken` (`token`, `timeout`, `used`, `tokenusage_usageid`) VALUES ('a07e0a71952abd71c4b17a2ce0afd5064b056f08', 3369, 1, 1777);
INSERT INTO `refreshtoken` (`token`, `timeout`, `used`, `tokenusage_usageid`) VALUES ('ac5a8d58cc220432539103e581f13c4c141ecd6d', 44, 1, 778);
INSERT INTO `refreshtoken` (`token`, `timeout`, `used`, `tokenusage_usageid`) VALUES ('ae73355e70380582f73146178600aac2e1563f74', 3502, 1, 778);
INSERT INTO `refreshtoken` (`token`, `timeout`, `used`, `tokenusage_usageid`) VALUES ('afe88096ea75765590d1d7f1cc6592c157323268', 1683, 0, 706);
INSERT INTO `refreshtoken` (`token`, `timeout`, `used`, `tokenusage_usageid`) VALUES ('b16f03bc98f6e48c2627d21622b6e36245c2d8af', 1191, 0, 600);
INSERT INTO `refreshtoken` (`token`, `timeout`, `used`, `tokenusage_usageid`) VALUES ('b1a35f9bbf4c7bb061e419624c59f2d821832b15', 2509, 1, 778);
INSERT INTO `refreshtoken` (`token`, `timeout`, `used`, `tokenusage_usageid`) VALUES ('b1da6ecb3d4360e7d29fd9fde35ac7b75fc3ce8b', 164, 0, 1112);
INSERT INTO `refreshtoken` (`token`, `timeout`, `used`, `tokenusage_usageid`) VALUES ('b2c51020376051e896de32d6c9189c4f63e409b2', 1155, 1, 779);
INSERT INTO `refreshtoken` (`token`, `timeout`, `used`, `tokenusage_usageid`) VALUES ('b7ec2fae9fed6df535a2639b20486d3604575b69', 2853, 0, 1112);
INSERT INTO `refreshtoken` (`token`, `timeout`, `used`, `tokenusage_usageid`) VALUES ('baa80c1296001ac1bdd79080848e59ac46affdd3', 1945, 0, 1910);
INSERT INTO `refreshtoken` (`token`, `timeout`, `used`, `tokenusage_usageid`) VALUES ('bd232c9ebec91b23605ccc622a5ef277c523d803', 282, 0, 778);
INSERT INTO `refreshtoken` (`token`, `timeout`, `used`, `tokenusage_usageid`) VALUES ('be31ac32f28a6c01547530054fc927cab9b65e56', 1791, 1, 1577);
INSERT INTO `refreshtoken` (`token`, `timeout`, `used`, `tokenusage_usageid`) VALUES ('c1ff3687f8abff15c21b2131149187394e78f31e', 2707, 0, 706);
INSERT INTO `refreshtoken` (`token`, `timeout`, `used`, `tokenusage_usageid`) VALUES ('c2b919e51b3d7f7643e41f0e7c761c65cd84594f', 258, 1, 178);
INSERT INTO `refreshtoken` (`token`, `timeout`, `used`, `tokenusage_usageid`) VALUES ('c9f9ccfc7758f1bb0304d467c16c35e83fd06772', 2744, 1, 1112);
INSERT INTO `refreshtoken` (`token`, `timeout`, `used`, `tokenusage_usageid`) VALUES ('cbf8dc6ee2a64fe7b411bbd9fc804381d8c60413', 1021, 1, 779);
INSERT INTO `refreshtoken` (`token`, `timeout`, `used`, `tokenusage_usageid`) VALUES ('d24f13ddb7b2a1e8685c1e4f85b692ba2347f7d3', 1352, 0, 1577);
INSERT INTO `refreshtoken` (`token`, `timeout`, `used`, `tokenusage_usageid`) VALUES ('d27b498b9917db702c2c26356a34e8db415e8793', 1558, 0, 600);
INSERT INTO `refreshtoken` (`token`, `timeout`, `used`, `tokenusage_usageid`) VALUES ('d3cf287453261defddf372757fd8a311c12b7c4b', 844, 0, 706);
INSERT INTO `refreshtoken` (`token`, `timeout`, `used`, `tokenusage_usageid`) VALUES ('d4564aebf2811716cf0249cad37ec840cb2d0d27', 3366, 0, 600);
INSERT INTO `refreshtoken` (`token`, `timeout`, `used`, `tokenusage_usageid`) VALUES ('d8471a9311a8d5886c50317e3f137fd8725e10ff', 2815, 1, 778);
INSERT INTO `refreshtoken` (`token`, `timeout`, `used`, `tokenusage_usageid`) VALUES ('d863b6c25f72f124e9b213962f5a3af1f3625345', 2779, 1, 600);
INSERT INTO `refreshtoken` (`token`, `timeout`, `used`, `tokenusage_usageid`) VALUES ('e826162fc16c989242304ef197fe70b124af254c', 2957, 0, 600);
INSERT INTO `refreshtoken` (`token`, `timeout`, `used`, `tokenusage_usageid`) VALUES ('eb751d67eb2a37a3e386ab6ab61c4b9f8b039701', 2820, 0, 1577);
INSERT INTO `refreshtoken` (`token`, `timeout`, `used`, `tokenusage_usageid`) VALUES ('f133473081a42f65f8009971b6f010f4a863692e', 872, 0, 1112);
INSERT INTO `refreshtoken` (`token`, `timeout`, `used`, `tokenusage_usageid`) VALUES ('f54326324a9f3369ceb85afef4a4cdddc4ef44b0', 473, 1, 706);
INSERT INTO `refreshtoken` (`token`, `timeout`, `used`, `tokenusage_usageid`) VALUES ('f614358819b1e8d4745220513bfe87f61b023f6f', 1813, 0, 1910);
INSERT INTO `refreshtoken` (`token`, `timeout`, `used`, `tokenusage_usageid`) VALUES ('fcbbd4246682b55b51b9eebd8c751366c8e604e8', 2093, 0, 1777);

INSERT INTO `accesstoken` (`token`, `timeout`, `used`, `tokenusage_usageid`) VALUES ('01d69673fc28382ded95d9da8c853aacc914fd97', 967, 1, 1777);
INSERT INTO `accesstoken` (`token`, `timeout`, `used`, `tokenusage_usageid`) VALUES ('026c80e48098d8a382a34bbe4a57f8c84de8e5f5', 1968, 1, 1777);
INSERT INTO `accesstoken` (`token`, `timeout`, `used`, `tokenusage_usageid`) VALUES ('0308f47376f1e4b20af6233d6c170b558837e306', 1676, 0, 1577);
INSERT INTO `accesstoken` (`token`, `timeout`, `used`, `tokenusage_usageid`) VALUES ('037edb5308c771b1d744d2ce719b1118e9aa56ff', 2950, 0, 1777);
INSERT INTO `accesstoken` (`token`, `timeout`, `used`, `tokenusage_usageid`) VALUES ('05ce8217e92f8c2ac9cb1dc2544089da0aab9eed', 3422, 0, 778);
INSERT INTO `accesstoken` (`token`, `timeout`, `used`, `tokenusage_usageid`) VALUES ('09a90710a0ebb778af2b8eb2a6c3c5d83c89a9da', 799, 1, 1577);
INSERT INTO `accesstoken` (`token`, `timeout`, `used`, `tokenusage_usageid`) VALUES ('0a8ec875fb37c0d9356b75051467563b0806b27f', 3238, 1, 1777);
INSERT INTO `accesstoken` (`token`, `timeout`, `used`, `tokenusage_usageid`) VALUES ('0bdc9567ebcba8a61968d0b50b23a1e0dbf0f8f7', 2625, 1, 178);
INSERT INTO `accesstoken` (`token`, `timeout`, `used`, `tokenusage_usageid`) VALUES ('0d42be1e2524a667be52359abee9f430ce55cf19', 2650, 1, 178);
INSERT INTO `accesstoken` (`token`, `timeout`, `used`, `tokenusage_usageid`) VALUES ('110f8aab91f085e30fa8635fc1fd1ff708665522', 184, 0, 1777);
INSERT INTO `accesstoken` (`token`, `timeout`, `used`, `tokenusage_usageid`) VALUES ('11a5bf95452abab8824ee74889e2a7f490174fcf', 3008, 0, 1777);
INSERT INTO `accesstoken` (`token`, `timeout`, `used`, `tokenusage_usageid`) VALUES ('131537b4deb4c4dd0f1f4cf7dd3addbf9fc2cec8', 3533, 0, 748);
INSERT INTO `accesstoken` (`token`, `timeout`, `used`, `tokenusage_usageid`) VALUES ('1399af224afd90a6e865cb3481d20e053a6c9103', 1998, 0, 600);
INSERT INTO `accesstoken` (`token`, `timeout`, `used`, `tokenusage_usageid`) VALUES ('166f2524242deede9cfc7a77f37606bed0bd3d20', 1887, 0, 600);
INSERT INTO `accesstoken` (`token`, `timeout`, `used`, `tokenusage_usageid`) VALUES ('179a6c87069736aa7250b2a340dff954d5aa9d1c', 3591, 0, 1910);
INSERT INTO `accesstoken` (`token`, `timeout`, `used`, `tokenusage_usageid`) VALUES ('202c674ccf1b633ced9413cb01852f601547f626', 2810, 0, 779);
INSERT INTO `accesstoken` (`token`, `timeout`, `used`, `tokenusage_usageid`) VALUES ('21916783b076e3288a114f241cbda92e706c4d21', 2341, 0, 1112);
INSERT INTO `accesstoken` (`token`, `timeout`, `used`, `tokenusage_usageid`) VALUES ('274a8bca2e66ba7981173c1882a5a26a12c0fdcc', 328, 0, 1577);
INSERT INTO `accesstoken` (`token`, `timeout`, `used`, `tokenusage_usageid`) VALUES ('2916a47a4bacbeedfd7e24d0c296b0dfa911bbbf', 1792, 1, 1777);
INSERT INTO `accesstoken` (`token`, `timeout`, `used`, `tokenusage_usageid`) VALUES ('29d666837c3768801f9d74b2386356b761ef64cf', 1013, 0, 1112);
INSERT INTO `accesstoken` (`token`, `timeout`, `used`, `tokenusage_usageid`) VALUES ('2ab4a2355af1321f64925850e1b3015b247dc743', 1065, 1, 600);
INSERT INTO `accesstoken` (`token`, `timeout`, `used`, `tokenusage_usageid`) VALUES ('2ac030f6c39801472f267225290fcd39535fe312', 179, 1, 600);
INSERT INTO `accesstoken` (`token`, `timeout`, `used`, `tokenusage_usageid`) VALUES ('2bcaa1bf3846e0e8fdecb968278d9ca61ce2ec2e', 2620, 0, 748);
INSERT INTO `accesstoken` (`token`, `timeout`, `used`, `tokenusage_usageid`) VALUES ('2de022252a9fdd9cfba36bf507a3604c258ed9da', 2124, 0, 1910);
INSERT INTO `accesstoken` (`token`, `timeout`, `used`, `tokenusage_usageid`) VALUES ('2ed5e95e68179b7158af05574d777fd886c361f3', 2637, 1, 1777);
INSERT INTO `accesstoken` (`token`, `timeout`, `used`, `tokenusage_usageid`) VALUES ('2fc214c1a432920563d5fce58c21a766fd9aab13', 2267, 1, 1910);
INSERT INTO `accesstoken` (`token`, `timeout`, `used`, `tokenusage_usageid`) VALUES ('32d89a759eb8bb2d690e725bd4ae7f97c650d2ea', 3228, 1, 178);
INSERT INTO `accesstoken` (`token`, `timeout`, `used`, `tokenusage_usageid`) VALUES ('4095e6339ae3492e776a6479854bd7dd6ffeb49c', 200, 0, 779);
INSERT INTO `accesstoken` (`token`, `timeout`, `used`, `tokenusage_usageid`) VALUES ('4115a66aa555fdecd12a20c670580632871df162', 207, 0, 706);
INSERT INTO `accesstoken` (`token`, `timeout`, `used`, `tokenusage_usageid`) VALUES ('41b143d11208305d96706d383e79aec59b58f41d', 2244, 0, 778);
INSERT INTO `accesstoken` (`token`, `timeout`, `used`, `tokenusage_usageid`) VALUES ('46fb1a64f7c049af7ce1d6a9a9e555f5d7e2630c', 1337, 0, 778);
INSERT INTO `accesstoken` (`token`, `timeout`, `used`, `tokenusage_usageid`) VALUES ('47635acd56798c8d0481715a1825f579629a537a', 2893, 0, 1112);
INSERT INTO `accesstoken` (`token`, `timeout`, `used`, `tokenusage_usageid`) VALUES ('47befede943395df2e0420089d6651cb205bdf98', 640, 0, 1577);
INSERT INTO `accesstoken` (`token`, `timeout`, `used`, `tokenusage_usageid`) VALUES ('486a33f398e22a81235331fdb32a3fe2da20e7c8', 304, 0, 600);
INSERT INTO `accesstoken` (`token`, `timeout`, `used`, `tokenusage_usageid`) VALUES ('4b951eae041ee935ce7d8b56d78d98ad0afa5438', 63, 0, 600);
INSERT INTO `accesstoken` (`token`, `timeout`, `used`, `tokenusage_usageid`) VALUES ('4eec04b1f3305aac47bb12c9541d3d6c0ec45077', 2798, 1, 1112);
INSERT INTO `accesstoken` (`token`, `timeout`, `used`, `tokenusage_usageid`) VALUES ('54613a2ac5940a3fced9bc4f6183c60e772f63e4', 3158, 1, 779);
INSERT INTO `accesstoken` (`token`, `timeout`, `used`, `tokenusage_usageid`) VALUES ('5a6d2db051eb4d9a2b6135fd08b98c6acdba6a3e', 687, 0, 779);
INSERT INTO `accesstoken` (`token`, `timeout`, `used`, `tokenusage_usageid`) VALUES ('5aa98c53a09fdcce8abee36cc2f8c7e2611f30f2', 3571, 0, 706);
INSERT INTO `accesstoken` (`token`, `timeout`, `used`, `tokenusage_usageid`) VALUES ('5c93f413397299254512b17e0123f3edce19977e', 1983, 0, 779);
INSERT INTO `accesstoken` (`token`, `timeout`, `used`, `tokenusage_usageid`) VALUES ('5e84816a7f9f9dbbbd66b5ee11670c85413e4264', 3052, 0, 1910);
INSERT INTO `accesstoken` (`token`, `timeout`, `used`, `tokenusage_usageid`) VALUES ('5ff0b4085f9d6ed1ab3e04c548bda40158eba434', 2660, 1, 600);
INSERT INTO `accesstoken` (`token`, `timeout`, `used`, `tokenusage_usageid`) VALUES ('623b0d09b39bedc127da7e287c1dbce261a784db', 307, 0, 748);
INSERT INTO `accesstoken` (`token`, `timeout`, `used`, `tokenusage_usageid`) VALUES ('64252306c14ea47258abef0ae149fec2c51f4a9e', 1661, 0, 600);
INSERT INTO `accesstoken` (`token`, `timeout`, `used`, `tokenusage_usageid`) VALUES ('6632894b10bf99023f82d4e84a130b7913b8419c', 1315, 0, 1577);
INSERT INTO `accesstoken` (`token`, `timeout`, `used`, `tokenusage_usageid`) VALUES ('6769d64e8bbab96b8cb241502c0ce348ceb19cc6', 3527, 0, 1112);
INSERT INTO `accesstoken` (`token`, `timeout`, `used`, `tokenusage_usageid`) VALUES ('695ac0a0687d091d6adaa179fd7d40be14ebe9b8', 1430, 0, 600);
INSERT INTO `accesstoken` (`token`, `timeout`, `used`, `tokenusage_usageid`) VALUES ('6b80ee4628b3d25512e896312efc6527a88b544d', 2079, 0, 1112);
INSERT INTO `accesstoken` (`token`, `timeout`, `used`, `tokenusage_usageid`) VALUES ('6c66e3a66b123c751e46d0fcb43588585d31cf95', 529, 0, 778);
INSERT INTO `accesstoken` (`token`, `timeout`, `used`, `tokenusage_usageid`) VALUES ('6e139d92d47e23c95963471959e6e482b022fbd7', 2812, 0, 1910);
INSERT INTO `accesstoken` (`token`, `timeout`, `used`, `tokenusage_usageid`) VALUES ('7057ac5181007d8fd76927102b496efed91567a9', 1532, 0, 706);
INSERT INTO `accesstoken` (`token`, `timeout`, `used`, `tokenusage_usageid`) VALUES ('71c23685e90f6ffe92612835c0a8d1c6e0fb9ff9', 2637, 1, 706);
INSERT INTO `accesstoken` (`token`, `timeout`, `used`, `tokenusage_usageid`) VALUES ('75a3226699e45d86f66fc1d2f674e8f3d549b36a', 3415, 1, 778);
INSERT INTO `accesstoken` (`token`, `timeout`, `used`, `tokenusage_usageid`) VALUES ('7bb44627b8f54aa1c15433d6de2fed9cec846ebc', 1716, 0, 1777);
INSERT INTO `accesstoken` (`token`, `timeout`, `used`, `tokenusage_usageid`) VALUES ('7e2c646264b7e5355763012660d9df6efe618616', 495, 0, 748);
INSERT INTO `accesstoken` (`token`, `timeout`, `used`, `tokenusage_usageid`) VALUES ('816aea8eff07d93a7bd078b62f667e8bd6469dbe', 1238, 0, 1910);
INSERT INTO `accesstoken` (`token`, `timeout`, `used`, `tokenusage_usageid`) VALUES ('824ddcab312e853de4eb47d9b65877eac63da5b9', 885, 1, 1910);
INSERT INTO `accesstoken` (`token`, `timeout`, `used`, `tokenusage_usageid`) VALUES ('83277bf57bb801b70e44badce382ad75071fb421', 817, 1, 1577);
INSERT INTO `accesstoken` (`token`, `timeout`, `used`, `tokenusage_usageid`) VALUES ('85e9b4485df6e20dafb00039904921db619678e6', 1522, 0, 748);
INSERT INTO `accesstoken` (`token`, `timeout`, `used`, `tokenusage_usageid`) VALUES ('887a181fe0c1f5cace51dd875a8bb96d61ae5b2a', 2388, 0, 178);
INSERT INTO `accesstoken` (`token`, `timeout`, `used`, `tokenusage_usageid`) VALUES ('88ece00afaad0d1e96a624c82320134a42e104ba', 2862, 1, 1910);
INSERT INTO `accesstoken` (`token`, `timeout`, `used`, `tokenusage_usageid`) VALUES ('891ab3c1966c08c7a5c5e9d92117dbaea43f62b8', 825, 1, 600);
INSERT INTO `accesstoken` (`token`, `timeout`, `used`, `tokenusage_usageid`) VALUES ('92c1d1529279c2f765ca46bf776477710348e1de', 1438, 0, 1577);
INSERT INTO `accesstoken` (`token`, `timeout`, `used`, `tokenusage_usageid`) VALUES ('92fa223fdb3be86f4b565d414d6a697edafdfd95', 956, 0, 1577);
INSERT INTO `accesstoken` (`token`, `timeout`, `used`, `tokenusage_usageid`) VALUES ('95d035f5b45af19a3578ac141dd45affdd293e90', 938, 0, 1910);
INSERT INTO `accesstoken` (`token`, `timeout`, `used`, `tokenusage_usageid`) VALUES ('9782dc5081796bcee4a1c68d746d7d2738455c88', 576, 1, 778);
INSERT INTO `accesstoken` (`token`, `timeout`, `used`, `tokenusage_usageid`) VALUES ('990da92edaae4bdbdb8d842806425b0cef60cffa', 799, 0, 1777);
INSERT INTO `accesstoken` (`token`, `timeout`, `used`, `tokenusage_usageid`) VALUES ('9bf2f06c71d428b5a9b3f639eeb312d07588cf2c', 487, 0, 1577);
INSERT INTO `accesstoken` (`token`, `timeout`, `used`, `tokenusage_usageid`) VALUES ('adf901036aec0f37db5d28f655f792aea395bd50', 3556, 0, 1777);
INSERT INTO `accesstoken` (`token`, `timeout`, `used`, `tokenusage_usageid`) VALUES ('af1940686ef45b4641edccdf5dc171cd5e46323c', 1817, 0, 706);
INSERT INTO `accesstoken` (`token`, `timeout`, `used`, `tokenusage_usageid`) VALUES ('afdf7fdce632f3d384f3b9725a0b7264fcc1180e', 2187, 0, 1777);
INSERT INTO `accesstoken` (`token`, `timeout`, `used`, `tokenusage_usageid`) VALUES ('b119ab5f308a627ddf0267c98e4d3217faa56e24', 2433, 0, 1577);
INSERT INTO `accesstoken` (`token`, `timeout`, `used`, `tokenusage_usageid`) VALUES ('b2d91c0575895726ce0dbe92a088c89a875e38bb', 921, 1, 778);
INSERT INTO `accesstoken` (`token`, `timeout`, `used`, `tokenusage_usageid`) VALUES ('b5444524fd9634c7c57c82a67f0f84ce7d9f8610', 2318, 1, 1910);
INSERT INTO `accesstoken` (`token`, `timeout`, `used`, `tokenusage_usageid`) VALUES ('c0f4db78666f28f406e27710739011ad3c60a1ba', 542, 0, 1112);
INSERT INTO `accesstoken` (`token`, `timeout`, `used`, `tokenusage_usageid`) VALUES ('c2248ba9d9e713189b3f588d5b6d49cb7da939af', 1752, 0, 178);
INSERT INTO `accesstoken` (`token`, `timeout`, `used`, `tokenusage_usageid`) VALUES ('c5bf81196253a8f3b0fe17407e1636d48e66ef64', 2894, 0, 748);
INSERT INTO `accesstoken` (`token`, `timeout`, `used`, `tokenusage_usageid`) VALUES ('c64ddc8b70568024d057e897f0729bffc796c84a', 102, 0, 1777);
INSERT INTO `accesstoken` (`token`, `timeout`, `used`, `tokenusage_usageid`) VALUES ('cb8fd2b6b846d25eac87b92e7cff96b37f32b0ac', 280, 0, 1112);
INSERT INTO `accesstoken` (`token`, `timeout`, `used`, `tokenusage_usageid`) VALUES ('cbb7e274491392ac514b78319cd7b60f5ad1a219', 2236, 1, 748);
INSERT INTO `accesstoken` (`token`, `timeout`, `used`, `tokenusage_usageid`) VALUES ('cbefb1df1a90a4ecbd8c3aa54c9c4b8f0f0c5fd4', 1591, 1, 1910);
INSERT INTO `accesstoken` (`token`, `timeout`, `used`, `tokenusage_usageid`) VALUES ('cd24e2a050360c8b89ee0bb950f7099960e1dcaa', 1348, 0, 1777);
INSERT INTO `accesstoken` (`token`, `timeout`, `used`, `tokenusage_usageid`) VALUES ('d2c2dcab68bb8f949823846236c30f87c24a2add', 2624, 0, 779);
INSERT INTO `accesstoken` (`token`, `timeout`, `used`, `tokenusage_usageid`) VALUES ('d818cd20734c2d4dcfcc1b34a8086c6bdaed2cc1', 3055, 0, 778);
INSERT INTO `accesstoken` (`token`, `timeout`, `used`, `tokenusage_usageid`) VALUES ('d9405178e500be7d8fc69ed96ede7b1e7f75f872', 3494, 0, 706);
INSERT INTO `accesstoken` (`token`, `timeout`, `used`, `tokenusage_usageid`) VALUES ('e20e0c707cf76d27bd43f2673e45e0c09deff759', 877, 1, 778);
INSERT INTO `accesstoken` (`token`, `timeout`, `used`, `tokenusage_usageid`) VALUES ('eb1081ab9929a561332afe50ba93c8d8a100f150', 1063, 0, 178);
INSERT INTO `accesstoken` (`token`, `timeout`, `used`, `tokenusage_usageid`) VALUES ('ee47e4913a786306c9345d06f879f2ecef8cb520', 1933, 0, 1577);
INSERT INTO `accesstoken` (`token`, `timeout`, `used`, `tokenusage_usageid`) VALUES ('ee4eca89c72b8706275be1824ab20ac14906f5fb', 1756, 1, 1777);
INSERT INTO `accesstoken` (`token`, `timeout`, `used`, `tokenusage_usageid`) VALUES ('f1ecff16fd7d09995328b8c429e1c2f9a24f6339', 3587, 1, 600);
INSERT INTO `accesstoken` (`token`, `timeout`, `used`, `tokenusage_usageid`) VALUES ('f5c3da3585dfe24479676f090036d561827b8d49', 448, 0, 1777);
INSERT INTO `accesstoken` (`token`, `timeout`, `used`, `tokenusage_usageid`) VALUES ('f6cdf857c7c1b49d1973678dcc1c0d13330503f3', 1290, 1, 178);
INSERT INTO `accesstoken` (`token`, `timeout`, `used`, `tokenusage_usageid`) VALUES ('f745bfbc89621471ac158fb99f8ef12c0155ac22', 1661, 0, 1112);
INSERT INTO `accesstoken` (`token`, `timeout`, `used`, `tokenusage_usageid`) VALUES ('f79cdd041613f2336d8f7cc49f053c293c389e6b', 1190, 0, 178);
INSERT INTO `accesstoken` (`token`, `timeout`, `used`, `tokenusage_usageid`) VALUES ('f7dd7d260f34339b3cb856a24dd066e34f4eda0b', 1372, 0, 600);
INSERT INTO `accesstoken` (`token`, `timeout`, `used`, `tokenusage_usageid`) VALUES ('f914bee0e4ad69295d5533c439a704713735fba5', 975, 1, 1112);
INSERT INTO `accesstoken` (`token`, `timeout`, `used`, `tokenusage_usageid`) VALUES ('f9a2f334d463d5a69ca3ba7c0721b73ddfefb702', 748, 0, 1910);
INSERT INTO `accesstoken` (`token`, `timeout`, `used`, `tokenusage_usageid`) VALUES ('fc39f60e6c5546e306ac3fabc398ee86f6fb03bc', 391, 0, 748);
INSERT INTO `accesstoken` (`token`, `timeout`, `used`, `tokenusage_usageid`) VALUES ('fc8662acdad218b621897a32e48455a19bd32415', 6, 0, 600);
INSERT INTO `accesstoken` (`token`, `timeout`, `used`, `tokenusage_usageid`) VALUES ('fdae6562e0f89b4971bc9c13bdc00bafa517ffe8', 2705, 0, 600);



-- +migrate Down
TRUNCATE TABLE `terminal`;
TRUNCATE TABLE `clientcredential`;
TRUNCATE TABLE `credentialusage`;
TRUNCATE TABLE `clientcredentialpermission`;
TRUNCATE TABLE `tokenusage`;
TRUNCATE TABLE `refreshtoken`;
TRUNCATE TABLE `accesstoken`;